variable,group,replication,n_nonmissing,weight_nonmissing,paper,diff,abs_diff,codebook_label
X302,Borrow,0.015641682799513782,541,3279593.6739999996,14.8,-14.784358317200487,14.784358317200487,Q33 N Q33:A2. INTEREST RATES HIGHER/LOWER X302
X302,Borrow and save,0.016646198961116996,3073,17828104.496000014,13.7,-13.683353801038882,13.683353801038882,Q33 N Q33:A2. INTEREST RATES HIGHER/LOWER X302
X302,Save,0.016194184108844278,10776,45523858.83999998,9.8,-9.7838058158911565,9.7838058158911565,Q33 N Q33:A2. INTEREST RATES HIGHER/LOWER X302
X7132,Borrow,16.03732759300963,541,3279593.6739999996,14.8,1.2373275930096277,1.2373275930096277,Q86A1 N Q86A1:B9_1. INTEREST ON CARD W/HI BAL X7132
X7132,Borrow and save,13.68256371791462,3073,17828104.496000014,13.7,-0.017436282085379062,0.017436282085379062,Q86A1 N Q86A1:B9_1. INTEREST ON CARD W/HI BAL X7132
X7132,Save,9.282843827770275,10776,45523858.83999998,9.8,-0.5171561722297255,0.5171561722297255,Q86A1 N Q86A1:B9_1. INTEREST ON CARD W/HI BAL X7132
X816,Borrow,3.620692763142586,541,3279593.6739999996,14.8,-11.179307236857415,11.179307236857415,Q251A1 N Q251A1:D35. ANNUAL INT RATE ON LOAN X816
X816,Borrow and save,4.722841359649389,3073,17828104.496000014,13.7,-8.97715864035061,8.97715864035061,Q251A1 N Q251A1:D35. ANNUAL INT RATE ON LOAN X816
X816,Save,3.548509547405499,10776,45523858.83999998,9.8,-6.251490452594502,6.251490452594502,Q251A1 N Q251A1:D35. ANNUAL INT RATE ON LOAN X816
X820,Borrow,0.01874401756758603,541,3279593.6739999996,14.8,-14.781255982432414,14.781255982432414,Q260A1 N Q260A1:D39. ADJUSTABLE RATE LOAN? X820
X820,Borrow and save,0.02800112005019963,3073,17828104.496000014,13.7,-13.6719988799498,13.6719988799498,Q260A1 N Q260A1:D39. ADJUSTABLE RATE LOAN? X820
X820,Save,0.021580103779708523,10776,45523858.83999998,9.8,-9.778419896220292,9.778419896220292,Q260A1 N Q260A1:D39. ADJUSTABLE RATE LOAN? X820
X821,Borrow,0.0015212254492231348,541,3279593.6739999996,14.8,-14.798478774550778,14.798478774550778,Q261A1 N Q261A1:D39_1.RATE DEPEND ON OTH RATES? X821
X821,Borrow and save,0.0011983443166823122,3073,17828104.496000014,13.7,-13.698801655683317,13.698801655683317,Q261A1 N Q261A1:D39_1.RATE DEPEND ON OTH RATES? X821
X821,Save,0.001021500397043231,10776,45523858.83999998,9.8,-9.798978499602958,9.798978499602958,Q261A1 N Q261A1:D39_1.RATE DEPEND ON OTH RATES? X821
X823,Borrow,7.597469649223383e-4,541,3279593.6739999996,14.8,-14.799240253035078,14.799240253035078,Q263A1 N Q263A1:D39_3.#TIMES RATE CAN CHNG/FREQ X823
X823,Borrow and save,0.001029803007050985,3073,17828104.496000014,13.7,-13.69897019699295,13.69897019699295,Q263A1 N Q263A1:D39_3.#TIMES RATE CAN CHNG/FREQ X823
X823,Save,9.575270060739868e-4,10776,45523858.83999998,9.8,-9.799042472993927,9.799042472993927,Q263A1 N Q263A1:D39_3.#TIMES RATE CAN CHNG/FREQ X823
X824,Borrow,0.005053475761765969,541,3279593.6739999996,14.8,-14.794946524238235,14.794946524238235,Q264A1 N Q264A1:D39_3F. FREQ RATE CHANGE X824
X824,Borrow and save,0.00571338977976338,3073,17828104.496000014,13.7,-13.694286610220235,13.694286610220235,Q264A1 N Q264A1:D39_3F. FREQ RATE CHANGE X824
X824,Save,0.004668861073201588,10776,45523858.83999998,9.8,-9.7953311389268,9.7953311389268,Q264A1 N Q264A1:D39_3F. FREQ RATE CHANGE X824
X825,Borrow,6.29469637158472e-4,541,3279593.6739999996,14.8,-14.799370530362843,14.799370530362843,Q267A1 N Q267A1:D39_4.SIZE PMTS CHANGE W/RATE? X825
X825,Borrow and save,0.0012087514309126353,3073,17828104.496000014,13.7,-13.698791248569087,13.698791248569087,Q267A1 N Q267A1:D39_4.SIZE PMTS CHANGE W/RATE? X825
X825,Save,8.269633963217867e-4,10776,45523858.83999998,9.8,-9.79917303660368,9.79917303660368,Q267A1 N Q267A1:D39_4.SIZE PMTS CHANGE W/RATE? X825
X826,Borrow,0.37270430562490475,541,3279593.6739999996,14.8,-14.427295694375095,14.427295694375095,Q268A1 N Q268A1:D39_5.MAX RATE CAN RISE AT ONCE X826
X826,Borrow and save,0.21092675784706685,3073,17828104.496000014,13.7,-13.489073242152932,13.489073242152932,Q268A1 N Q268A1:D39_5.MAX RATE CAN RISE AT ONCE X826
X826,Save,0.14415363456697686,10776,45523858.83999998,9.8,-9.655846365433025,9.655846365433025,Q268A1 N Q268A1:D39_5.MAX RATE CAN RISE AT ONCE X826
X828,Borrow,0.5799794522838196,541,3279593.6739999996,14.8,-14.220020547716182,14.220020547716182,Q269A1 N Q269A1:D39_6. ORIGINAL INTEREST RATE X828
X828,Borrow and save,0.5180223980609986,3073,17828104.496000014,13.7,-13.181977601939,13.181977601939,Q269A1 N Q269A1:D39_6. ORIGINAL INTEREST RATE X828
X828,Save,0.389569822810741,10776,45523858.83999998,9.8,-9.41043017718926,9.41043017718926,Q269A1 N Q269A1:D39_6. ORIGINAL INTEREST RATE X828
X827,Borrow,0.8210848952259565,541,3279593.6739999996,14.8,-13.978915104774044,13.978915104774044,Q270A1 N Q270A1:D39_7. MAX RATE CAN BE CHARGED X827
X827,Borrow and save,0.7682284886300109,3073,17828104.496000014,13.7,-12.931771511369988,12.931771511369988,Q270A1 N Q270A1:D39_7. MAX RATE CAN BE CHARGED X827
X827,Save,0.6374007128737508,10776,45523858.83999998,9.8,-9.16259928712625,9.16259928712625,Q270A1 N Q270A1:D39_7. MAX RATE CAN BE CHARGED X827
X916,Borrow,0.5168583997457729,541,3279593.6739999996,14.8,-14.283141600254227,14.283141600254227,Q251A2 N Q251A2:D35. ANNUAL INT RATE ON LOAN X916
X916,Borrow and save,0.7226938237831603,3073,17828104.496000014,13.7,-12.977306176216839,12.977306176216839,Q251A2 N Q251A2:D35. ANNUAL INT RATE ON LOAN X916
X916,Save,0.4437742221700467,10776,45523858.83999998,9.8,-9.356225777829954,9.356225777829954,Q251A2 N Q251A2:D35. ANNUAL INT RATE ON LOAN X916
X920,Borrow,0.0017005815153917148,541,3279593.6739999996,14.8,-14.798299418484609,14.798299418484609,Q260A2 N Q260A2:D39. ADJUSTABLE RATE LOAN? X920
X920,Borrow and save,0.0032163818151764497,3073,17828104.496000014,13.7,-13.696783618184822,13.696783618184822,Q260A2 N Q260A2:D39. ADJUSTABLE RATE LOAN? X920
X920,Save,0.00224692078409933,10776,45523858.83999998,9.8,-9.797753079215902,9.797753079215902,Q260A2 N Q260A2:D39. ADJUSTABLE RATE LOAN? X920
X1016,Borrow,0.49678787957071785,541,3279593.6739999996,14.8,-14.303212120429283,14.303212120429283,Q251A3 N Q251A3:D35. ANNUAL INT RATE ON LOAN X1016
X1016,Borrow and save,0.24366364979825253,3073,17828104.496000014,13.7,-13.456336350201747,13.456336350201747,Q251A3 N Q251A3:D35. ANNUAL INT RATE ON LOAN X1016
X1016,Save,0.1691597935395936,10776,45523858.83999998,9.8,-9.630840206460407,9.630840206460407,Q251A3 N Q251A3:D35. ANNUAL INT RATE ON LOAN X1016
X1020,Borrow,0.0022408582984722518,541,3279593.6739999996,14.8,-14.797759141701528,14.797759141701528,Q260A3 N Q260A3:D39. ADJUSTABLE RATE LOAN? X1020
X1020,Borrow and save,0.0012926431592977568,3073,17828104.496000014,13.7,-13.698707356840702,13.698707356840702,Q260A3 N Q260A3:D39. ADJUSTABLE RATE LOAN? X1020
X1020,Save,6.972795397588052e-4,10776,45523858.83999998,9.8,-9.799302720460242,9.799302720460242,Q260A3 N Q260A3:D39. ADJUSTABLE RATE LOAN? X1020
X1045,Borrow,0.10647533649316339,541,3279593.6739999996,14.8,-14.693524663506837,14.693524663506837,Q297 N Q297:D50. ANNUAL INTEREST RATE X1045
X1045,Borrow and save,0.03031148937910059,3073,17828104.496000014,13.7,-13.6696885106209,13.6696885106209,Q297 N Q297:D50. ANNUAL INTEREST RATE X1045
X1045,Save,0.047371283518811674,10776,45523858.83999998,9.8,-9.752628716481189,9.752628716481189,Q297 N Q297:D50. ANNUAL INTEREST RATE X1045
X1111,Borrow,0.702193748316152,541,3279593.6739999996,14.8,-14.09780625168385,14.09780625168385,Q315A1 N Q315A1:D53_7. ANNUAL INTEREST RATE X1111
X1111,Borrow and save,0.9936087195615458,3073,17828104.496000014,13.7,-12.706391280438453,12.706391280438453,Q315A1 N Q315A1:D53_7. ANNUAL INTEREST RATE X1111
X1111,Save,0.7084515049243127,10776,45523858.83999998,9.8,-9.091548495075688,9.091548495075688,Q315A1 N Q315A1:D53_7. ANNUAL INTEREST RATE X1111
X1122,Borrow,0,541,3279593.6739999996,14.8,-14.8,14.8,Q315A2 N Q315A2:D53_7. ANNUAL INTEREST RATE X1122
X1122,Borrow and save,0.06513963074765225,3073,17828104.496000014,13.7,-13.634860369252348,13.634860369252348,Q315A2 N Q315A2:D53_7. ANNUAL INTEREST RATE X1122
X1122,Save,0.060982925071384406,10776,45523858.83999998,9.8,-9.739017074928617,9.739017074928617,Q315A2 N Q315A2:D53_7. ANNUAL INTEREST RATE X1122
X1133,Borrow,0,541,3279593.6739999996,14.8,-14.8,14.8,Q315A3 N Q315A3:D53_7. ANNUAL INTEREST RATE X1133
X1133,Borrow and save,0,3073,17828104.496000014,13.7,-13.7,13.7,Q315A3 N Q315A3:D53_7. ANNUAL INTEREST RATE X1133
X1133,Save,0.03153465296176989,10776,45523858.83999998,9.8,-9.76846534703823,9.76846534703823,Q315A3 N Q315A3:D53_7. ANNUAL INTEREST RATE X1133
X1216,Borrow,0,541,3279593.6739999996,14.8,-14.8,14.8,Q350 N Q350:D63.CURRENT INTEREST RATE CHARGED X1216
X1216,Borrow and save,0.20802377108750358,3073,17828104.496000014,13.7,-13.491976228912495,13.491976228912495,Q350 N Q350:D63.CURRENT INTEREST RATE CHARGED X1216
X1216,Save,0.05727500492355012,10776,45523858.83999998,9.8,-9.74272499507645,9.74272499507645,Q350 N Q350:D63.CURRENT INTEREST RATE CHARGED X1216
X1726,Borrow,0.1892790259114276,541,3279593.6739999996,14.8,-14.610720974088574,14.610720974088574,Q440A1 N Q440A1:E31. ANNUAL INTEREST RATE X1726
X1726,Borrow and save,0.671320292243367,3073,17828104.496000014,13.7,-13.028679707756632,13.028679707756632,Q440A1 N Q440A1:E31. ANNUAL INTEREST RATE X1726
X1726,Save,0.5557137511834003,10776,45523858.83999998,9.8,-9.2442862488166,9.2442862488166,Q440A1 N Q440A1:E31. ANNUAL INTEREST RATE X1726
X1727,Borrow,5.257750719761878e-4,541,3279593.6739999996,14.8,-14.799474224928025,14.799474224928025,Q441A1 N Q441A1:E32. ADJUSTABLE RATE? X1727
X1727,Borrow and save,0.003700230425214351,3073,17828104.496000014,13.7,-13.696299769574784,13.696299769574784,Q441A1 N Q441A1:E32. ADJUSTABLE RATE? X1727
X1727,Save,0.0029395132453582653,10776,45523858.83999998,9.8,-9.797060486754642,9.797060486754642,Q441A1 N Q441A1:E32. ADJUSTABLE RATE? X1727
X1826,Borrow,0,541,3279593.6739999996,14.8,-14.8,14.8,Q440A2 N Q440A2:E31. ANNUAL INTEREST RATE X1826
X1826,Borrow and save,0.11162642779811525,3073,17828104.496000014,13.7,-13.588373572201885,13.588373572201885,Q440A2 N Q440A2:E31. ANNUAL INTEREST RATE X1826
X1826,Save,0.14880055710672715,10776,45523858.83999998,9.8,-9.651199442893274,9.651199442893274,Q440A2 N Q440A2:E31. ANNUAL INTEREST RATE X1826
X1827,Borrow,0,541,3279593.6739999996,14.8,-14.8,14.8,Q441A2 N Q441A2:E32. ADJUSTABLE RATE? X1827
X1827,Borrow and save,6.907096614091994e-4,3073,17828104.496000014,13.7,-13.69930929033859,13.69930929033859,Q441A2 N Q441A2:E32. ADJUSTABLE RATE? X1827
X1827,Save,8.345598683435339e-4,10776,45523858.83999998,9.8,-9.799165440131658,9.799165440131658,Q441A2 N Q441A2:E32. ADJUSTABLE RATE? X1827
X1926,Borrow,0,541,3279593.6739999996,14.8,-14.8,14.8,Q440A3 N Q440A3:E31. ANNUAL INTEREST RATE X1926
X1926,Borrow and save,0.03302602569623168,3073,17828104.496000014,13.7,-13.666973974303767,13.666973974303767,Q440A3 N Q440A3:E31. ANNUAL INTEREST RATE X1926
X1926,Save,0.05386879895922295,10776,45523858.83999998,9.8,-9.746131201040777,9.746131201040777,Q440A3 N Q440A3:E31. ANNUAL INTEREST RATE X1926
X1927,Borrow,0,541,3279593.6739999996,14.8,-14.8,14.8,Q441A3 N Q441A3:E32. ADJUSTABLE RATE? X1927
X1927,Borrow and save,1.3402198986078894e-4,3073,17828104.496000014,13.7,-13.699865978010138,13.699865978010138,Q441A3 N Q441A3:E32. ADJUSTABLE RATE? X1927
X1927,Save,2.2318177410463136e-4,10776,45523858.83999998,9.8,-9.799776818225896,9.799776818225896,Q441A3 N Q441A3:E32. ADJUSTABLE RATE? X1927
X2219,Borrow,4.765694586341004,541,3279593.6739999996,14.8,-10.034305413658997,10.034305413658997,Q609A1 N Q609A1:G21. CURRENT APR X2219
X2219,Borrow and save,4.651764666346157,3073,17828104.496000014,13.7,-9.048235333653842,9.048235333653842,Q609A1 N Q609A1:G21. CURRENT APR X2219
X2219,Save,2.7621185211530217,10776,45523858.83999998,9.8,-7.037881478846979,7.037881478846979,Q609A1 N Q609A1:G21. CURRENT APR X2219
X2319,Borrow,1.3762197843231967,541,3279593.6739999996,14.8,-13.423780215676803,13.423780215676803,Q609A2 N Q609A2:G21. CURRENT APR X2319
X2319,Borrow and save,1.859873699666696,3073,17828104.496000014,13.7,-11.840126300333303,11.840126300333303,Q609A2 N Q609A2:G21. CURRENT APR X2319
X2319,Save,0.7248921859015236,10776,45523858.83999998,9.8,-9.075107814098477,9.075107814098477,Q609A2 N Q609A2:G21. CURRENT APR X2319
X2419,Borrow,0.10566955984438212,541,3279593.6739999996,14.8,-14.69433044015562,14.69433044015562,Q609A3 N Q609A3:G21. CURRENT APR X2419
X2419,Borrow and save,0.4232944033401404,3073,17828104.496000014,13.7,-13.276705596659859,13.276705596659859,Q609A3 N Q609A3:G21. CURRENT APR X2419
X2419,Save,0.07871997291563519,10776,45523858.83999998,9.8,-9.721280027084365,9.721280027084365,Q609A3 N Q609A3:G21. CURRENT APR X2419
X7170,Borrow,0.11006975652557624,541,3279593.6739999996,14.8,-14.689930243474425,14.689930243474425,Q609A4 N Q609A4:G21. CURRENT APR X7170
X7170,Borrow and save,0.07041148280691563,3073,17828104.496000014,13.7,-13.629588517193083,13.629588517193083,Q609A4 N Q609A4:G21. CURRENT APR X7170
X7170,Save,0.018311900428518255,10776,45523858.83999998,9.8,-9.781688099571483,9.781688099571483,Q609A4 N Q609A4:G21. CURRENT APR X7170
X2520,Borrow,0,541,3279593.6739999996,14.8,-14.8,14.8,Q652A1 N Q652A1:G37. CURRENT APR X2520
X2520,Borrow and save,0.27892670303877243,3073,17828104.496000014,13.7,-13.421073296961227,13.421073296961227,Q652A1 N Q652A1:G37. CURRENT APR X2520
X2520,Save,0.17947752481213003,10776,45523858.83999998,9.8,-9.62052247518787,9.62052247518787,Q652A1 N Q652A1:G37. CURRENT APR X2520
X2620,Borrow,0,541,3279593.6739999996,14.8,-14.8,14.8,Q652A2 N Q652A2:G37. CURRENT APR X2620
X2620,Borrow and save,0.026181844267556716,3073,17828104.496000014,13.7,-13.673818155732443,13.673818155732443,Q652A2 N Q652A2:G37. CURRENT APR X2620
X2620,Save,0.01406998499954052,10776,45523858.83999998,9.8,-9.78593001500046,9.78593001500046,Q652A2 N Q652A2:G37. CURRENT APR X2620
X7809,Borrow,0.0013321601070999018,541,3279593.6739999996,14.8,-14.7986678398929,14.7986678398929,Q677A1 N Q677A1:H7. ACCUM INTEREST DURING DEFER X7809
X7809,Borrow and save,0.001229368736587641,3073,17828104.496000014,13.7,-13.698770631263411,13.698770631263411,Q677A1 N Q677A1:H7. ACCUM INTEREST DURING DEFER X7809
X7809,Save,6.399422698851341e-4,10776,45523858.83999998,9.8,-9.799360057730116,9.799360057730116,Q677A1 N Q677A1:H7. ACCUM INTEREST DURING DEFER X7809
X7822,Borrow,1.4375460382047314,541,3279593.6739999996,14.8,-13.36245396179527,13.36245396179527,Q695A1 N Q695A1:H14. CURRENT APR X7822
X7822,Borrow and save,1.5260068623797893,3073,17828104.496000014,13.7,-12.17399313762021,12.17399313762021,Q695A1 N Q695A1:H14. CURRENT APR X7822
X7822,Save,0.8021717203962772,10776,45523858.83999998,9.8,-8.997828279603723,8.997828279603723,Q695A1 N Q695A1:H14. CURRENT APR X7822
X7832,Borrow,2.146163061540288e-4,541,3279593.6739999996,14.8,-14.799785383693846,14.799785383693846,Q677A2 N Q677A2:H7. ACCUM INTEREST DURING DEFER X7832
X7832,Borrow and save,7.468198339866851e-4,3073,17828104.496000014,13.7,-13.699253180166012,13.699253180166012,Q677A2 N Q677A2:H7. ACCUM INTEREST DURING DEFER X7832
X7832,Save,1.5133000047761334e-4,10776,45523858.83999998,9.8,-9.799848669999523,9.799848669999523,Q677A2 N Q677A2:H7. ACCUM INTEREST DURING DEFER X7832
X7845,Borrow,0.3933914434974605,541,3279593.6739999996,14.8,-14.40660855650254,14.40660855650254,Q695A2 N Q695A2:H14. CURRENT APR X7845
X7845,Borrow and save,0.5294312255303257,3073,17828104.496000014,13.7,-13.170568774469674,13.170568774469674,Q695A2 N Q695A2:H14. CURRENT APR X7845
X7845,Save,0.21568789332095212,10776,45523858.83999998,9.8,-9.584312106679048,9.584312106679048,Q695A2 N Q695A2:H14. CURRENT APR X7845
X7855,Borrow,0,541,3279593.6739999996,14.8,-14.8,14.8,Q677A3 N Q677A3:H7. ACCUM INTEREST DURING DEFER X7855
X7855,Borrow and save,1.1550438132455506e-4,3073,17828104.496000014,13.7,-13.699884495618674,13.699884495618674,Q677A3 N Q677A3:H7. ACCUM INTEREST DURING DEFER X7855
X7855,Save,2.1171152985676913e-5,10776,45523858.83999998,9.8,-9.799978828847015,9.799978828847015,Q677A3 N Q677A3:H7. ACCUM INTEREST DURING DEFER X7855
X7868,Borrow,0.050599972586725994,541,3279593.6739999996,14.8,-14.749400027413275,14.749400027413275,Q695A3 N Q695A3:H14. CURRENT APR X7868
X7868,Borrow and save,0.21418213606144862,3073,17828104.496000014,13.7,-13.48581786393855,13.48581786393855,Q695A3 N Q695A3:H14. CURRENT APR X7868
X7868,Save,0.04003448209839851,10776,45523858.83999998,9.8,-9.759965517901602,9.759965517901602,Q695A3 N Q695A3:H14. CURRENT APR X7868
X7909,Borrow,0,541,3279593.6739999996,14.8,-14.8,14.8,Q677A4 N Q677A4:H7. ACCUM INTEREST DURING DEFER X7909
X7909,Borrow and save,7.161813979082699e-5,3073,17828104.496000014,13.7,-13.69992838186021,13.69992838186021,Q677A4 N Q677A4:H7. ACCUM INTEREST DURING DEFER X7909
X7909,Save,0,10776,45523858.83999998,9.8,-9.8,9.8,Q677A4 N Q677A4:H7. ACCUM INTEREST DURING DEFER X7909
X7922,Borrow,0,541,3279593.6739999996,14.8,-14.8,14.8,Q695A4 N Q695A4:H14. CURRENT APR X7922
X7922,Borrow and save,0.09318249043877484,3073,17828104.496000014,13.7,-13.606817509561225,13.606817509561225,Q695A4 N Q695A4:H14. CURRENT APR X7922
X7922,Save,0.009434288443110379,10776,45523858.83999998,9.8,-9.79056571155689,9.79056571155689,Q695A4 N Q695A4:H14. CURRENT APR X7922
X7932,Borrow,0,541,3279593.6739999996,14.8,-14.8,14.8,Q677A5 N Q677A5:H7. ACCUM INTEREST DURING DEFER X7932
X7932,Borrow and save,1.9228068809946225e-5,3073,17828104.496000014,13.7,-13.69998077193119,13.69998077193119,Q677A5 N Q677A5:H7. ACCUM INTEREST DURING DEFER X7932
X7932,Save,0,10776,45523858.83999998,9.8,-9.8,9.8,Q677A5 N Q677A5:H7. ACCUM INTEREST DURING DEFER X7932
X7945,Borrow,0,541,3279593.6739999996,14.8,-14.8,14.8,Q695A5 N Q695A5:H14. CURRENT APR X7945
X7945,Borrow and save,0.06530831693752034,3073,17828104.496000014,13.7,-13.63469168306248,13.63469168306248,Q695A5 N Q695A5:H14. CURRENT APR X7945
X7945,Save,0,10776,45523858.83999998,9.8,-9.8,9.8,Q695A5 N Q695A5:H14. CURRENT APR X7945
X7955,Borrow,0,541,3279593.6739999996,14.8,-14.8,14.8,Q677A6 N Q677A6:H7. ACCUM INTEREST DURING DEFER X7955
X7955,Borrow and save,1.9228068809946225e-5,3073,17828104.496000014,13.7,-13.69998077193119,13.69998077193119,Q677A6 N Q677A6:H7. ACCUM INTEREST DURING DEFER X7955
X7955,Save,0,10776,45523858.83999998,9.8,-9.8,9.8,Q677A6 N Q677A6:H7. ACCUM INTEREST DURING DEFER X7955
X7968,Borrow,0,541,3279593.6739999996,14.8,-14.8,14.8,Q695A6 N Q695A6:H14. CURRENT APR X7968
X7968,Borrow and save,0.015249391242966818,3073,17828104.496000014,13.7,-13.684750608757032,13.684750608757032,Q695A6 N Q695A6:H14. CURRENT APR X7968
X7968,Save,0,10776,45523858.83999998,9.8,-9.8,9.8,Q695A6 N Q695A6:H14. CURRENT APR X7968
X2724,Borrow,1.3790295316138608,541,3279593.6739999996,14.8,-13.42097046838614,13.42097046838614,Q727A1 N Q727A1:I13. CURRENT APR X2724
X2724,Borrow and save,1.3366380126415862,3073,17828104.496000014,13.7,-12.363361987358413,12.363361987358413,Q727A1 N Q727A1:I13. CURRENT APR X2724
X2724,Save,0.7666403103762013,10776,45523858.83999998,9.8,-9.033359689623799,9.033359689623799,Q727A1 N Q727A1:I13. CURRENT APR X2724
X2741,Borrow,0.38146143990885145,541,3279593.6739999996,14.8,-14.418538560091148,14.418538560091148,Q727A2 N Q727A2:I13. CURRENT APR X2741
X2741,Borrow and save,0.1557718260751212,3073,17828104.496000014,13.7,-13.544228173924878,13.544228173924878,Q727A2 N Q727A2:I13. CURRENT APR X2741
X2741,Save,0.2592489804737299,10776,45523858.83999998,9.8,-9.54075101952627,9.54075101952627,Q727A2 N Q727A2:I13. CURRENT APR X2741
X2824,Borrow,0.06533130866137901,541,3279593.6739999996,14.8,-14.734668691338621,14.734668691338621,Q727A3 N Q727A3:I13. CURRENT APR X2824
X2824,Borrow and save,0.007019354807353599,3073,17828104.496000014,13.7,-13.692980645192646,13.692980645192646,Q727A3 N Q727A3:I13. CURRENT APR X2824
X2824,Save,0.0805627014306945,10776,45523858.83999998,9.8,-9.719437298569305,9.719437298569305,Q727A3 N Q727A3:I13. CURRENT APR X2824
X2841,Borrow,0.08762488621021776,541,3279593.6739999996,14.8,-14.712375113789783,14.712375113789783,Q727A4 N Q727A4:I13. CURRENT APR X2841
X2841,Borrow and save,0,3073,17828104.496000014,13.7,-13.7,13.7,Q727A4 N Q727A4:I13. CURRENT APR X2841
X2841,Save,0.3364952472420944,10776,45523858.83999998,9.8,-9.463504752757906,9.463504752757906,Q727A4 N Q727A4:I13. CURRENT APR X2841
X2924,Borrow,0.04871010731190964,541,3279593.6739999996,14.8,-14.75128989268809,14.75128989268809,Q727A5 N Q727A5:I13. CURRENT APR X2924
X2924,Borrow and save,0,3073,17828104.496000014,13.7,-13.7,13.7,Q727A5 N Q727A5:I13. CURRENT APR X2924
X2924,Save,0.2745460918883739,10776,45523858.83999998,9.8,-9.525453908111627,9.525453908111627,Q727A5 N Q727A5:I13. CURRENT APR X2924
X2941,Borrow,0,541,3279593.6739999996,14.8,-14.8,14.8,Q727A6 N Q727A6:I13. CURRENT APR X2941
X2941,Borrow and save,0,3073,17828104.496000014,13.7,-13.7,13.7,Q727A6 N Q727A6:I13. CURRENT APR X2941
X2941,Save,3.9827489281442486e-5,10776,45523858.83999998,9.8,-9.799960172510719,9.799960172510719,Q727A6 N Q727A6:I13. CURRENT APR X2941
X3023,Borrow,0.01925267564106176,541,3279593.6739999996,14.8,-14.78074732435894,14.78074732435894,Q742 N Q742:J7. HOW RATE RETIREMENT INCOME X3023
X3023,Borrow and save,0.02438095357010743,3073,17828104.496000014,13.7,-13.675619046429892,13.675619046429892,Q742 N Q742:J7. HOW RATE RETIREMENT INCOME X3023
X3023,Save,0.02457654327354464,10776,45523858.83999998,9.8,-9.775423456726456,9.775423456726456,Q742 N Q742:J7. HOW RATE RETIREMENT INCOME X3023
X6820,Borrow,0.05536717497644497,541,3279593.6739999996,14.8,-14.744632825023556,14.744632825023556,Q916A1 N Q916A1:N44. VALUE OF INTEREST X6820
X6820,Borrow and save,17.833461720584694,3073,17828104.496000014,13.7,4.133461720584695,4.133461720584695,Q916A1 N Q916A1:N44. VALUE OF INTEREST X6820
X6820,Save,35.313732000140824,10776,45523858.83999998,9.8,25.513732000140823,25.513732000140823,Q916A1 N Q916A1:N44. VALUE OF INTEREST X6820
X6833,Borrow,0,541,3279593.6739999996,14.8,-14.8,14.8,Q913A2 N Q913A2:N43_2. TRUSTS W/EQUITY INTEREST X6833
X6833,Borrow and save,6.312926874825735e-4,3073,17828104.496000014,13.7,-13.699368707312516,13.699368707312516,Q913A2 N Q913A2:N43_2. TRUSTS W/EQUITY INTEREST X6833
X6833,Save,2.752145973397013e-4,10776,45523858.83999998,9.8,-9.799724785402661,9.799724785402661,Q913A2 N Q913A2:N43_2. TRUSTS W/EQUITY INTEREST X6833
X6835,Borrow,0,541,3279593.6739999996,14.8,-14.8,14.8,Q916A2 N Q916A2:N44. VALUE OF INTEREST X6835
X6835,Borrow and save,56.72126211885757,3073,17828104.496000014,13.7,43.021262118857564,43.021262118857564,Q916A2 N Q916A2:N44. VALUE OF INTEREST X6835
X6835,Save,144.00240206640635,10776,45523858.83999998,9.8,134.20240206640634,134.20240206640634,Q916A2 N Q916A2:N44. VALUE OF INTEREST X6835
X4013,Borrow,0,541,3279593.6739999996,14.8,-14.8,14.8,Q946 N Q946:N49_9. ANNUAL RATE OF INTEREST X4013
X4013,Borrow and save,0.1066337389948849,3073,17828104.496000014,13.7,-13.593366261005114,13.593366261005114,Q946 N Q946:N49_9. ANNUAL RATE OF INTEREST X4013
X4013,Save,0.0627321949098637,10776,45523858.83999998,9.8,-9.737267805090138,9.737267805090138,Q946 N Q946:N49_9. ANNUAL RATE OF INTEREST X4013
X5707,Borrow,0.0485864536705409,541,3279593.6739999996,14.8,-14.75141354632946,14.75141354632946,Q1351A4 N Q1351A4:T1. ANY OTHER INTEREST INCOME? X5707
X5707,Borrow and save,0.03977704838779174,3073,17828104.496000014,13.7,-13.660222951612207,13.660222951612207,Q1351A4 N Q1351A4:T1. ANY OTHER INTEREST INCOME? X5707
X5707,Save,0.03845938575272128,10776,45523858.83999998,9.8,-9.761540614247279,9.761540614247279,Q1351A4 N Q1351A4:T1. ANY OTHER INTEREST INCOME? X5707
