case_id,implicate
3,1
3,2
3,3
3,4
3,5
4,1
4,2
4,3
4,4
4,5
6,1
6,2
6,3
6,4
6,5
7,1
7,2
7,3
7,4
7,5
9,1
9,2
9,3
9,4
9,5
10,1
10,2
10,3
10,4
10,5
12,1
12,2
12,3
12,4
12,5
14,1
14,2
14,3
14,4
14,5
15,1
15,2
15,3
15,4
15,5
16,1
16,2
16,3
16,4
16,5
17,1
17,2
17,3
17,4
17,5
18,1
18,2
18,3
18,4
18,5
21,1
21,2
21,3
21,4
21,5
27,1
27,2
27,3
27,4
27,5
28,1
28,2
28,3
28,4
28,5
29,1
29,2
29,3
29,4
29,5
31,1
31,2
31,3
31,4
31,5
32,1
32,2
32,3
32,4
32,5
33,1
33,2
33,3
33,4
33,5
38,1
38,2
38,3
38,4
38,5
39,1
39,2
39,3
39,4
39,5
40,1
40,2
40,3
40,4
40,5
41,1
41,2
41,3
41,4
41,5
44,1
44,2
44,3
44,4
44,5
47,1
47,2
47,3
47,4
47,5
48,1
48,2
48,3
48,4
48,5
49,1
49,2
49,3
49,4
49,5
51,1
51,2
51,3
51,4
51,5
52,1
52,2
52,3
52,4
52,5
54,1
54,2
54,3
54,4
54,5
57,1
57,2
57,3
57,4
57,5
58,1
58,2
58,3
58,4
58,5
59,1
59,2
59,3
59,4
59,5
60,1
60,2
60,3
60,4
60,5
61,1
61,2
61,3
61,4
61,5
62,1
62,2
62,3
62,4
62,5
63,1
63,2
63,3
63,4
63,5
64,1
64,2
64,3
64,4
64,5
65,1
65,2
65,3
65,4
65,5
66,1
66,2
66,3
66,4
66,5
68,1
68,2
68,3
68,4
68,5
69,1
69,2
69,3
69,4
69,5
70,1
70,2
70,3
70,4
70,5
72,1
72,2
72,3
72,4
72,5
73,1
73,2
73,3
73,4
73,5
77,1
77,2
77,3
77,4
77,5
78,1
78,2
78,3
78,4
78,5
79,1
79,2
79,3
79,4
79,5
80,1
80,2
80,3
80,4
80,5
83,1
83,2
83,3
83,4
83,5
85,1
85,2
85,3
85,4
85,5
87,1
87,2
87,3
87,4
87,5
88,1
88,2
88,3
88,4
88,5
89,1
89,2
89,3
89,4
89,5
91,1
91,2
91,3
91,4
91,5
93,1
93,2
93,3
93,4
93,5
96,1
96,2
96,3
96,4
96,5
98,1
98,2
98,3
98,4
98,5
99,1
99,2
99,3
99,4
99,5
100,1
100,2
100,3
100,4
100,5
101,1
101,2
101,3
101,4
101,5
102,1
102,2
102,3
102,4
102,5
103,1
103,2
103,3
103,4
103,5
104,1
104,2
104,3
104,4
104,5
106,1
106,2
106,3
106,4
106,5
109,1
109,2
109,3
109,4
109,5
110,1
110,2
110,3
110,4
110,5
111,1
111,2
111,3
111,4
111,5
112,1
112,2
112,3
112,4
112,5
113,1
113,2
113,3
113,4
113,5
114,1
114,2
114,3
114,4
114,5
115,1
115,2
115,3
115,4
115,5
116,1
116,2
116,3
116,4
116,5
118,1
118,2
118,3
118,4
118,5
119,1
119,2
119,3
119,4
119,5
121,1
121,2
121,3
121,4
121,5
122,1
122,2
122,3
122,4
122,5
124,1
124,2
124,3
124,4
124,5
127,1
127,2
127,3
127,4
127,5
128,1
128,2
128,3
128,4
128,5
129,1
129,2
129,3
129,4
129,5
131,1
131,2
131,3
131,4
131,5
134,1
134,2
134,3
134,4
134,5
135,1
135,2
135,3
135,4
135,5
137,1
137,2
137,3
137,4
137,5
138,1
138,2
138,3
138,4
138,5
139,1
139,2
139,3
139,4
139,5
141,1
141,2
141,3
141,4
141,5
144,1
144,2
144,3
144,4
144,5
145,1
145,2
145,3
145,4
145,5
146,1
146,2
146,3
146,4
146,5
148,1
148,2
148,3
148,4
148,5
150,1
150,2
150,3
150,4
150,5
151,1
151,2
151,3
151,4
151,5
152,1
152,2
152,3
152,4
152,5
154,1
154,2
154,3
154,4
154,5
157,1
157,2
157,3
157,4
157,5
160,1
160,2
160,3
160,4
160,5
161,1
161,2
161,3
161,4
161,5
164,1
164,2
164,3
164,4
164,5
165,1
165,2
165,3
165,4
165,5
166,1
166,2
166,3
166,4
166,5
167,1
167,2
167,3
167,4
167,5
168,1
168,2
168,3
168,4
168,5
169,1
169,2
169,3
169,4
169,5
172,1
172,2
172,3
172,4
172,5
173,1
173,2
173,3
173,4
173,5
174,1
174,2
174,3
174,4
174,5
175,1
175,2
175,3
175,4
175,5
176,1
176,2
176,3
176,4
176,5
181,1
181,2
181,3
181,4
181,5
184,1
184,2
184,3
184,4
184,5
185,1
185,2
185,3
185,4
185,5
186,1
186,2
186,3
186,4
186,5
187,1
187,2
187,3
187,4
187,5
190,1
190,2
190,3
190,4
190,5
191,1
191,2
191,3
191,4
191,5
192,1
192,2
192,3
192,4
192,5
193,1
193,2
193,3
193,4
193,5
194,1
194,2
194,3
194,4
194,5
196,1
196,2
196,3
196,4
196,5
199,1
199,2
199,3
199,4
199,5
200,1
200,2
200,3
200,4
200,5
201,1
201,2
201,3
201,4
201,5
202,1
202,2
202,3
202,4
202,5
203,1
203,2
203,3
203,4
203,5
204,1
204,2
204,3
204,4
204,5
205,1
205,2
205,3
205,4
205,5
206,1
206,2
206,3
206,4
206,5
209,1
209,2
209,3
209,4
209,5
211,1
211,2
211,3
211,4
211,5
213,1
213,2
213,3
213,4
213,5
214,1
214,2
214,3
214,4
214,5
215,1
215,2
215,3
215,4
215,5
221,1
221,2
221,3
221,4
221,5
222,1
222,2
222,3
222,4
222,5
224,1
224,2
224,3
224,4
224,5
225,1
225,2
225,3
225,4
225,5
227,1
227,2
227,3
227,4
227,5
229,1
229,2
229,3
229,4
229,5
230,1
230,2
230,3
230,4
230,5
231,1
231,2
231,3
231,4
231,5
232,1
232,2
232,3
232,4
232,5
233,1
233,2
233,3
233,4
233,5
234,1
234,2
234,3
234,4
234,5
235,1
235,2
235,3
235,4
235,5
236,1
236,2
236,3
236,4
236,5
238,1
238,2
238,3
238,4
238,5
239,1
239,2
239,3
239,4
239,5
240,1
240,2
240,3
240,4
240,5
241,1
241,2
241,3
241,4
241,5
242,1
242,2
242,3
242,4
242,5
244,1
244,2
244,3
244,4
244,5
245,1
245,2
245,3
245,4
245,5
249,1
249,2
249,3
249,4
249,5
252,1
252,2
252,3
252,4
252,5
256,1
256,2
256,3
256,4
256,5
257,1
257,2
257,3
257,4
257,5
258,1
258,2
258,3
258,4
258,5
261,1
261,2
261,3
261,4
261,5
263,1
263,2
263,3
263,4
263,5
264,1
264,2
264,3
264,4
264,5
269,1
269,2
269,3
269,4
269,5
272,1
272,2
272,3
272,4
272,5
274,1
274,2
274,3
274,4
274,5
275,1
275,2
275,3
275,4
275,5
276,1
276,2
276,3
276,4
276,5
277,1
277,2
277,3
277,4
277,5
279,1
279,2
279,3
279,4
279,5
280,1
280,2
280,3
280,4
280,5
281,1
281,2
281,3
281,4
281,5
282,1
282,2
282,3
282,4
282,5
284,1
284,2
284,3
284,4
284,5
286,1
286,2
286,3
286,4
286,5
287,1
287,2
287,3
287,4
287,5
288,1
288,2
288,3
288,4
288,5
290,1
290,2
290,3
290,4
290,5
293,1
293,2
293,3
293,4
293,5
294,1
294,2
294,3
294,4
294,5
295,1
295,2
295,3
295,4
295,5
296,1
296,2
296,3
296,4
296,5
297,1
297,2
297,3
297,4
297,5
298,1
298,2
298,3
298,4
298,5
301,1
301,2
301,3
301,4
301,5
302,1
302,2
302,3
302,4
302,5
303,1
303,2
303,3
303,4
303,5
304,1
304,2
304,3
304,4
304,5
305,1
305,2
305,3
305,4
305,5
309,1
309,2
309,3
309,4
309,5
310,1
310,2
310,3
310,4
310,5
311,1
311,2
311,3
311,4
311,5
312,1
312,2
312,3
312,4
312,5
314,1
314,2
314,3
314,4
314,5
315,1
315,2
315,3
315,4
315,5
317,1
317,2
317,3
317,4
317,5
318,1
318,2
318,3
318,4
318,5
321,1
321,2
321,3
321,4
321,5
326,1
326,2
326,3
326,4
326,5
330,1
330,2
330,3
330,4
330,5
331,1
331,2
331,3
331,4
331,5
333,1
333,2
333,3
333,4
333,5
334,1
334,2
334,3
334,4
334,5
339,1
339,2
339,3
339,4
339,5
341,1
341,2
341,3
341,4
341,5
342,1
342,2
342,3
342,4
342,5
344,1
344,2
344,3
344,4
344,5
345,1
345,2
345,3
345,4
345,5
346,1
346,2
346,3
346,4
346,5
347,1
347,2
347,3
347,4
347,5
348,1
348,2
348,3
348,4
348,5
349,1
349,2
349,3
349,4
349,5
350,1
350,2
350,3
350,4
350,5
354,1
354,2
354,3
354,4
354,5
355,1
355,2
355,3
355,4
355,5
356,1
356,2
356,3
356,4
356,5
357,1
357,2
357,3
357,4
357,5
359,1
359,2
359,3
359,4
359,5
361,1
361,2
361,3
361,4
361,5
362,1
362,2
362,3
362,4
362,5
363,1
363,2
363,3
363,4
363,5
364,1
364,2
364,3
364,4
364,5
365,1
365,2
365,3
365,4
365,5
369,1
369,2
369,3
369,4
369,5
370,1
370,2
370,3
370,4
370,5
372,1
372,2
372,3
372,4
372,5
374,1
374,2
374,3
374,4
374,5
375,1
375,2
375,3
375,4
375,5
377,1
377,2
377,3
377,4
377,5
378,1
378,2
378,3
378,4
378,5
379,1
379,2
379,3
379,4
379,5
381,1
381,2
381,3
381,4
381,5
385,1
385,2
385,3
385,4
385,5
386,1
386,2
386,3
386,4
386,5
388,1
388,2
388,3
388,4
388,5
389,1
389,2
389,3
389,4
389,5
390,1
390,2
390,3
390,4
390,5
392,1
392,2
392,3
392,4
392,5
395,1
395,2
395,3
395,4
395,5
398,1
398,2
398,3
398,4
398,5
399,1
399,2
399,3
399,4
399,5
402,1
402,2
402,3
402,4
402,5
403,1
403,2
403,3
403,4
403,5
404,1
404,2
404,3
404,4
404,5
405,1
405,2
405,3
405,4
405,5
407,1
407,2
407,3
407,4
407,5
408,1
408,2
408,3
408,4
408,5
413,1
413,2
413,3
413,4
413,5
415,1
415,2
415,3
415,4
415,5
416,1
416,2
416,3
416,4
416,5
420,1
420,2
420,3
420,4
420,5
421,1
421,2
421,3
421,4
421,5
423,1
423,2
423,3
423,4
423,5
425,1
425,2
425,3
425,4
425,5
429,1
429,2
429,3
429,4
429,5
430,1
430,2
430,3
430,4
430,5
431,1
431,2
431,3
431,4
431,5
432,1
432,2
432,3
432,4
432,5
433,1
433,2
433,3
433,4
433,5
434,1
434,2
434,3
434,4
434,5
436,1
436,2
436,3
436,4
436,5
437,1
437,2
437,3
437,4
437,5
438,1
438,2
438,3
438,4
438,5
439,1
439,2
439,3
439,4
439,5
442,1
442,2
442,3
442,4
442,5
443,1
443,2
443,3
443,4
443,5
445,1
445,2
445,3
445,4
445,5
446,1
446,2
446,3
446,4
446,5
447,1
447,2
447,3
447,4
447,5
448,1
448,2
448,3
448,4
448,5
449,1
449,2
449,3
449,4
449,5
450,1
450,2
450,3
450,4
450,5
451,1
451,2
451,3
451,4
451,5
452,1
452,2
452,3
452,4
452,5
453,1
453,2
453,3
453,4
453,5
454,1
454,2
454,3
454,4
454,5
455,1
455,2
455,3
455,4
455,5
457,1
457,2
457,3
457,4
457,5
458,1
458,2
458,3
458,4
458,5
460,1
460,2
460,3
460,4
460,5
462,1
462,2
462,3
462,4
462,5
463,1
463,2
463,3
463,4
463,5
466,1
466,2
466,3
466,4
466,5
467,1
467,2
467,3
467,4
467,5
468,1
468,2
468,3
468,4
468,5
471,1
471,2
471,3
471,4
471,5
474,1
474,2
474,3
474,4
474,5
476,1
476,2
476,3
476,4
476,5
479,1
479,2
479,3
479,4
479,5
480,1
480,2
480,3
480,4
480,5
481,1
481,2
481,3
481,4
481,5
483,1
483,2
483,3
483,4
483,5
484,1
484,2
484,3
484,4
484,5
486,1
486,2
486,3
486,4
486,5
487,1
487,2
487,3
487,4
487,5
490,1
490,2
490,3
490,4
490,5
491,1
491,2
491,3
491,4
491,5
496,1
496,2
496,3
496,4
496,5
498,1
498,2
498,3
498,4
498,5
499,1
499,2
499,3
499,4
499,5
500,1
500,2
500,3
500,4
500,5
501,1
501,2
501,3
501,4
501,5
503,1
503,2
503,3
503,4
503,5
504,1
504,2
504,3
504,4
504,5
505,1
505,2
505,3
505,4
505,5
507,1
507,2
507,3
507,4
507,5
508,1
508,2
508,3
508,4
508,5
509,1
509,2
509,3
509,4
509,5
510,1
510,2
510,3
510,4
510,5
513,1
513,2
513,3
513,4
513,5
514,1
514,2
514,3
514,4
514,5
516,1
516,2
516,3
516,4
516,5
517,1
517,2
517,3
517,4
517,5
520,1
520,2
520,3
520,4
520,5
521,1
521,2
521,3
521,4
521,5
522,1
522,2
522,3
522,4
522,5
523,1
523,2
523,3
523,4
523,5
525,1
525,2
525,3
525,4
525,5
526,1
526,2
526,3
526,4
526,5
528,1
528,2
528,3
528,4
528,5
529,1
529,2
529,3
529,4
529,5
530,1
530,2
530,3
530,4
530,5
533,1
533,2
533,3
533,4
533,5
535,1
535,2
535,3
535,4
535,5
536,1
536,2
536,3
536,4
536,5
537,1
537,2
537,3
537,4
537,5
538,1
538,2
538,3
538,4
538,5
539,1
539,2
539,3
539,4
539,5
540,1
540,2
540,3
540,4
540,5
542,1
542,2
542,3
542,4
542,5
546,1
546,2
546,3
546,4
546,5
547,1
547,2
547,3
547,4
547,5
549,1
549,2
549,3
549,4
549,5
551,1
551,2
551,3
551,4
551,5
552,1
552,2
552,3
552,4
552,5
553,1
553,2
553,3
553,4
553,5
554,1
554,2
554,3
554,4
554,5
555,1
555,2
555,3
555,4
555,5
556,1
556,2
556,3
556,4
556,5
557,1
557,2
557,3
557,4
557,5
558,1
558,2
558,3
558,4
558,5
559,1
559,2
559,3
559,4
559,5
560,1
560,2
560,3
560,4
560,5
563,1
563,2
563,3
563,4
563,5
564,1
564,2
564,3
564,4
564,5
565,1
565,2
565,3
565,4
565,5
566,1
566,2
566,3
566,4
566,5
567,1
567,2
567,3
567,4
567,5
570,1
570,2
570,3
570,4
570,5
571,1
571,2
571,3
571,4
571,5
573,1
573,2
573,3
573,4
573,5
575,1
575,2
575,3
575,4
575,5
577,1
577,2
577,3
577,4
577,5
578,1
578,2
578,3
578,4
578,5
579,1
579,2
579,3
579,4
579,5
580,1
580,2
580,3
580,4
580,5
581,1
581,2
581,3
581,4
581,5
585,1
585,2
585,3
585,4
585,5
586,1
586,2
586,3
586,4
586,5
588,1
588,2
588,3
588,4
588,5
589,1
589,2
589,3
589,4
589,5
591,1
591,2
591,3
591,4
591,5
592,1
592,2
592,3
592,4
592,5
593,1
593,2
593,3
593,4
593,5
594,1
594,2
594,3
594,4
594,5
595,1
595,2
595,3
595,4
595,5
596,1
596,2
596,3
596,4
596,5
599,1
599,2
599,3
599,4
599,5
602,1
602,2
602,3
602,4
602,5
603,1
603,2
603,3
603,4
603,5
604,1
604,2
604,3
604,4
604,5
605,1
605,2
605,3
605,4
605,5
608,1
608,2
608,3
608,4
608,5
609,1
609,2
609,3
609,4
609,5
612,1
612,2
612,3
612,4
612,5
613,1
613,2
613,3
613,4
613,5
616,1
616,2
616,3
616,4
616,5
617,1
617,2
617,3
617,4
617,5
618,1
618,2
618,3
618,4
618,5
619,1
619,2
619,3
619,4
619,5
620,1
620,2
620,3
620,4
620,5
621,1
621,2
621,3
621,4
621,5
623,1
623,2
623,3
623,4
623,5
624,1
624,2
624,3
624,4
624,5
625,1
625,2
625,3
625,4
625,5
626,1
626,2
626,3
626,4
626,5
629,1
629,2
629,3
629,4
629,5
630,1
630,2
630,3
630,4
630,5
631,1
631,2
631,3
631,4
631,5
634,1
634,2
634,3
634,4
634,5
635,1
635,2
635,3
635,4
635,5
637,1
637,2
637,3
637,4
637,5
638,1
638,2
638,3
638,4
638,5
639,1
639,2
639,3
639,4
639,5
640,1
640,2
640,3
640,4
640,5
641,1
641,2
641,3
641,4
641,5
643,1
643,2
643,3
643,4
643,5
644,1
644,2
644,3
644,4
644,5
645,1
645,2
645,3
645,4
645,5
646,1
646,2
646,3
646,4
646,5
647,1
647,2
647,3
647,4
647,5
648,1
648,2
648,3
648,4
648,5
649,1
649,2
649,3
649,4
649,5
650,1
650,2
650,3
650,4
650,5
651,1
651,2
651,3
651,4
651,5
652,1
652,2
652,3
652,4
652,5
653,1
653,2
653,3
653,4
653,5
654,1
654,2
654,3
654,4
654,5
655,1
655,2
655,3
655,4
655,5
656,1
656,2
656,3
656,4
656,5
657,1
657,2
657,3
657,4
657,5
658,1
658,2
658,3
658,4
658,5
661,1
661,2
661,3
661,4
661,5
662,1
662,2
662,3
662,4
662,5
664,1
664,2
664,3
664,4
664,5
665,1
665,2
665,3
665,4
665,5
666,1
666,2
666,3
666,4
666,5
668,1
668,2
668,3
668,4
668,5
670,1
670,2
670,3
670,4
670,5
671,1
671,2
671,3
671,4
671,5
672,1
672,2
672,3
672,4
672,5
673,1
673,2
673,3
673,4
673,5
677,1
677,2
677,3
677,4
677,5
678,1
678,2
678,3
678,4
678,5
679,1
679,2
679,3
679,4
679,5
680,1
680,2
680,3
680,4
680,5
683,1
683,2
683,3
683,4
683,5
684,1
684,2
684,3
684,4
684,5
685,1
685,2
685,3
685,4
685,5
687,1
687,2
687,3
687,4
687,5
688,1
688,2
688,3
688,4
688,5
689,1
689,2
689,3
689,4
689,5
690,1
690,2
690,3
690,4
690,5
692,1
692,2
692,3
692,4
692,5
694,1
694,2
694,3
694,4
694,5
695,1
695,2
695,3
695,4
695,5
696,1
696,2
696,3
696,4
696,5
697,1
697,2
697,3
697,4
697,5
698,1
698,2
698,3
698,4
698,5
700,1
700,2
700,3
700,4
700,5
701,1
701,2
701,3
701,4
701,5
702,1
702,2
702,3
702,4
702,5
703,1
703,2
703,3
703,4
703,5
705,1
705,2
705,3
705,4
705,5
706,1
706,2
706,3
706,4
706,5
707,1
707,2
707,3
707,4
707,5
709,1
709,2
709,3
709,4
709,5
712,1
712,2
712,3
712,4
712,5
713,1
713,2
713,3
713,4
713,5
714,1
714,2
714,3
714,4
714,5
715,1
715,2
715,3
715,4
715,5
717,1
717,2
717,3
717,4
717,5
718,1
718,2
718,3
718,4
718,5
719,1
719,2
719,3
719,4
719,5
721,1
721,2
721,3
721,4
721,5
724,1
724,2
724,3
724,4
724,5
725,1
725,2
725,3
725,4
725,5
726,1
726,2
726,3
726,4
726,5
728,1
728,2
728,3
728,4
728,5
731,1
731,2
731,3
731,4
731,5
735,1
735,2
735,3
735,4
735,5
736,1
736,2
736,3
736,4
736,5
738,1
738,2
738,3
738,4
738,5
739,1
739,2
739,3
739,4
739,5
740,1
740,2
740,3
740,4
740,5
742,1
742,2
742,3
742,4
742,5
743,1
743,2
743,3
743,4
743,5
744,1
744,2
744,3
744,4
744,5
745,1
745,2
745,3
745,4
745,5
746,1
746,2
746,3
746,4
746,5
747,1
747,2
747,3
747,4
747,5
749,1
749,2
749,3
749,4
749,5
750,1
750,2
750,3
750,4
750,5
754,1
754,2
754,3
754,4
754,5
755,1
755,2
755,3
755,4
755,5
757,1
757,2
757,3
757,4
757,5
759,1
759,2
759,3
759,4
759,5
760,1
760,2
760,3
760,4
760,5
761,1
761,2
761,3
761,4
761,5
763,1
763,2
763,3
763,4
763,5
764,1
764,2
764,3
764,4
764,5
765,1
765,2
765,3
765,4
765,5
766,1
766,2
766,3
766,4
766,5
767,1
767,2
767,3
767,4
767,5
768,1
768,2
768,3
768,4
768,5
769,1
769,2
769,3
769,4
769,5
770,1
770,2
770,3
770,4
770,5
776,1
776,2
776,3
776,4
776,5
777,1
777,2
777,3
777,4
777,5
778,1
778,2
778,3
778,4
778,5
779,1
779,2
779,3
779,4
779,5
780,1
780,2
780,3
780,4
780,5
781,1
781,2
781,3
781,4
781,5
783,1
783,2
783,3
783,4
783,5
784,1
784,2
784,3
784,4
784,5
785,1
785,2
785,3
785,4
785,5
786,1
786,2
786,3
786,4
786,5
787,1
787,2
787,3
787,4
787,5
788,1
788,2
788,3
788,4
788,5
789,1
789,2
789,3
789,4
789,5
791,1
791,2
791,3
791,4
791,5
792,1
792,2
792,3
792,4
792,5
795,1
795,2
795,3
795,4
795,5
796,1
796,2
796,3
796,4
796,5
803,1
803,2
803,3
803,4
803,5
805,1
805,2
805,3
805,4
805,5
806,1
806,2
806,3
806,4
806,5
808,1
808,2
808,3
808,4
808,5
809,1
809,2
809,3
809,4
809,5
811,1
811,2
811,3
811,4
811,5
813,1
813,2
813,3
813,4
813,5
815,1
815,2
815,3
815,4
815,5
816,1
816,2
816,3
816,4
816,5
817,1
817,2
817,3
817,4
817,5
819,1
819,2
819,3
819,4
819,5
820,1
820,2
820,3
820,4
820,5
821,1
821,2
821,3
821,4
821,5
824,1
824,2
824,3
824,4
824,5
825,1
825,2
825,3
825,4
825,5
826,1
826,2
826,3
826,4
826,5
827,1
827,2
827,3
827,4
827,5
830,1
830,2
830,3
830,4
830,5
832,1
832,2
832,3
832,4
832,5
833,1
833,2
833,3
833,4
833,5
839,1
839,2
839,3
839,4
839,5
840,1
840,2
840,3
840,4
840,5
841,1
841,2
841,3
841,4
841,5
842,1
842,2
842,3
842,4
842,5
845,1
845,2
845,3
845,4
845,5
846,1
846,2
846,3
846,4
846,5
847,1
847,2
847,3
847,4
847,5
850,1
850,2
850,3
850,4
850,5
851,1
851,2
851,3
851,4
851,5
852,1
852,2
852,3
852,4
852,5
856,1
856,2
856,3
856,4
856,5
858,1
858,2
858,3
858,4
858,5
859,1
859,2
859,3
859,4
859,5
861,1
861,2
861,3
861,4
861,5
863,1
863,2
863,3
863,4
863,5
864,1
864,2
864,3
864,4
864,5
865,1
865,2
865,3
865,4
865,5
866,1
866,2
866,3
866,4
866,5
867,1
867,2
867,3
867,4
867,5
868,1
868,2
868,3
868,4
868,5
870,1
870,2
870,3
870,4
870,5
873,1
873,2
873,3
873,4
873,5
874,1
874,2
874,3
874,4
874,5
876,1
876,2
876,3
876,4
876,5
877,1
877,2
877,3
877,4
877,5
878,1
878,2
878,3
878,4
878,5
879,1
879,2
879,3
879,4
879,5
881,1
881,2
881,3
881,4
881,5
883,1
883,2
883,3
883,4
883,5
885,1
885,2
885,3
885,4
885,5
886,1
886,2
886,3
886,4
886,5
887,1
887,2
887,3
887,4
887,5
888,1
888,2
888,3
888,4
888,5
889,1
889,2
889,3
889,4
889,5
890,1
890,2
890,3
890,4
890,5
891,1
891,2
891,3
891,4
891,5
892,1
892,2
892,3
892,4
892,5
895,1
895,2
895,3
895,4
895,5
896,1
896,2
896,3
896,4
896,5
897,1
897,2
897,3
897,4
897,5
898,1
898,2
898,3
898,4
898,5
899,1
899,2
899,3
899,4
899,5
901,1
901,2
901,3
901,4
901,5
902,1
902,2
902,3
902,4
902,5
904,1
904,2
904,3
904,4
904,5
905,1
905,2
905,3
905,4
905,5
906,1
906,2
906,3
906,4
906,5
907,1
907,2
907,3
907,4
907,5
909,1
909,2
909,3
909,4
909,5
910,1
910,2
910,3
910,4
910,5
911,1
911,2
911,3
911,4
911,5
912,1
912,2
912,3
912,4
912,5
915,1
915,2
915,3
915,4
915,5
919,1
919,2
919,3
919,4
919,5
921,1
921,2
921,3
921,4
921,5
922,1
922,2
922,3
922,4
922,5
924,1
924,2
924,3
924,4
924,5
925,1
925,2
925,3
925,4
925,5
926,1
926,2
926,3
926,4
926,5
927,1
927,2
927,3
927,4
927,5
929,1
929,2
929,3
929,4
929,5
930,1
930,2
930,3
930,4
930,5
934,1
934,2
934,3
934,4
934,5
935,1
935,2
935,3
935,4
935,5
936,1
936,2
936,3
936,4
936,5
937,1
937,2
937,3
937,4
937,5
939,1
939,2
939,3
939,4
939,5
940,1
940,2
940,3
940,4
940,5
941,1
941,2
941,3
941,4
941,5
942,1
942,2
942,3
942,4
942,5
943,1
943,2
943,3
943,4
943,5
944,1
944,2
944,3
944,4
944,5
945,1
945,2
945,3
945,4
945,5
946,1
946,2
946,3
946,4
946,5
947,1
947,2
947,3
947,4
947,5
948,1
948,2
948,3
948,4
948,5
949,1
949,2
949,3
949,4
949,5
958,1
958,2
958,3
958,4
958,5
960,1
960,2
960,3
960,4
960,5
961,1
961,2
961,3
961,4
961,5
962,1
962,2
962,3
962,4
962,5
963,1
963,2
963,3
963,4
963,5
965,1
965,2
965,3
965,4
965,5
966,1
966,2
966,3
966,4
966,5
969,1
969,2
969,3
969,4
969,5
971,1
971,2
971,3
971,4
971,5
972,1
972,2
972,3
972,4
972,5
973,1
973,2
973,3
973,4
973,5
974,1
974,2
974,3
974,4
974,5
977,1
977,2
977,3
977,4
977,5
978,1
978,2
978,3
978,4
978,5
980,1
980,2
980,3
980,4
980,5
981,1
981,2
981,3
981,4
981,5
982,1
982,2
982,3
982,4
982,5
985,1
985,2
985,3
985,4
985,5
987,1
987,2
987,3
987,4
987,5
988,1
988,2
988,3
988,4
988,5
990,1
990,2
990,3
990,4
990,5
991,1
991,2
991,3
991,4
991,5
993,1
993,2
993,3
993,4
993,5
995,1
995,2
995,3
995,4
995,5
996,1
996,2
996,3
996,4
996,5
997,1
997,2
997,3
997,4
997,5
999,1
999,2
999,3
999,4
999,5
1000,1
1000,2
1000,3
1000,4
1000,5
1003,1
1003,2
1003,3
1003,4
1003,5
1004,1
1004,2
1004,3
1004,4
1004,5
1006,1
1006,2
1006,3
1006,4
1006,5
1008,1
1008,2
1008,3
1008,4
1008,5
1010,1
1010,2
1010,3
1010,4
1010,5
1011,1
1011,2
1011,3
1011,4
1011,5
1012,1
1012,2
1012,3
1012,4
1012,5
1013,1
1013,2
1013,3
1013,4
1013,5
1018,1
1018,2
1018,3
1018,4
1018,5
1019,1
1019,2
1019,3
1019,4
1019,5
1020,1
1020,2
1020,3
1020,4
1020,5
1021,1
1021,2
1021,3
1021,4
1021,5
1022,1
1022,2
1022,3
1022,4
1022,5
1024,1
1024,2
1024,3
1024,4
1024,5
1025,1
1025,2
1025,3
1025,4
1025,5
1026,1
1026,2
1026,3
1026,4
1026,5
1029,1
1029,2
1029,3
1029,4
1029,5
1030,1
1030,2
1030,3
1030,4
1030,5
1031,1
1031,2
1031,3
1031,4
1031,5
1032,1
1032,2
1032,3
1032,4
1032,5
1033,1
1033,2
1033,3
1033,4
1033,5
1034,1
1034,2
1034,3
1034,4
1034,5
1035,1
1035,2
1035,3
1035,4
1035,5
1036,1
1036,2
1036,3
1036,4
1036,5
1038,1
1038,2
1038,3
1038,4
1038,5
1041,1
1041,2
1041,3
1041,4
1041,5
1042,1
1042,2
1042,3
1042,4
1042,5
1043,1
1043,2
1043,3
1043,4
1043,5
1044,1
1044,2
1044,3
1044,4
1044,5
1045,1
1045,2
1045,3
1045,4
1045,5
1046,1
1046,2
1046,3
1046,4
1046,5
1047,1
1047,2
1047,3
1047,4
1047,5
1048,1
1048,2
1048,3
1048,4
1048,5
1049,1
1049,2
1049,3
1049,4
1049,5
1050,1
1050,2
1050,3
1050,4
1050,5
1052,1
1052,2
1052,3
1052,4
1052,5
1054,1
1054,2
1054,3
1054,4
1054,5
1055,1
1055,2
1055,3
1055,4
1055,5
1056,1
1056,2
1056,3
1056,4
1056,5
1057,1
1057,2
1057,3
1057,4
1057,5
1058,1
1058,2
1058,3
1058,4
1058,5
1059,1
1059,2
1059,3
1059,4
1059,5
1060,1
1060,2
1060,3
1060,4
1060,5
1062,1
1062,2
1062,3
1062,4
1062,5
1063,1
1063,2
1063,3
1063,4
1063,5
1064,1
1064,2
1064,3
1064,4
1064,5
1065,1
1065,2
1065,3
1065,4
1065,5
1067,1
1067,2
1067,3
1067,4
1067,5
1069,1
1069,2
1069,3
1069,4
1069,5
1072,1
1072,2
1072,3
1072,4
1072,5
1073,1
1073,2
1073,3
1073,4
1073,5
1075,1
1075,2
1075,3
1075,4
1075,5
1076,1
1076,2
1076,3
1076,4
1076,5
1078,1
1078,2
1078,3
1078,4
1078,5
1080,1
1080,2
1080,3
1080,4
1080,5
1081,1
1081,2
1081,3
1081,4
1081,5
1083,1
1083,2
1083,3
1083,4
1083,5
1084,1
1084,2
1084,3
1084,4
1084,5
1085,1
1085,2
1085,3
1085,4
1085,5
1087,1
1087,2
1087,3
1087,4
1087,5
1088,1
1088,2
1088,3
1088,4
1088,5
1089,1
1089,2
1089,3
1089,4
1089,5
1092,1
1092,2
1092,3
1092,4
1092,5
1095,1
1095,2
1095,3
1095,4
1095,5
1096,1
1096,2
1096,3
1096,4
1096,5
1099,1
1099,2
1099,3
1099,4
1099,5
1100,1
1100,2
1100,3
1100,4
1100,5
1101,1
1101,2
1101,3
1101,4
1101,5
1108,1
1108,2
1108,3
1108,4
1108,5
1109,1
1109,2
1109,3
1109,4
1109,5
1110,1
1110,2
1110,3
1110,4
1110,5
1111,1
1111,2
1111,3
1111,4
1111,5
1112,1
1112,2
1112,3
1112,4
1112,5
1114,1
1114,2
1114,3
1114,4
1114,5
1115,1
1115,2
1115,3
1115,4
1115,5
1120,1
1120,2
1120,3
1120,4
1120,5
1123,1
1123,2
1123,3
1123,4
1123,5
1126,1
1126,2
1126,3
1126,4
1126,5
1127,1
1127,2
1127,3
1127,4
1127,5
1128,1
1128,2
1128,3
1128,4
1128,5
1129,1
1129,2
1129,3
1129,4
1129,5
1130,1
1130,2
1130,3
1130,4
1130,5
1131,1
1131,2
1131,3
1131,4
1131,5
1132,1
1132,2
1132,3
1132,4
1132,5
1133,1
1133,2
1133,3
1133,4
1133,5
1135,1
1135,2
1135,3
1135,4
1135,5
1137,1
1137,2
1137,3
1137,4
1137,5
1138,1
1138,2
1138,3
1138,4
1138,5
1139,1
1139,2
1139,3
1139,4
1139,5
1140,1
1140,2
1140,3
1140,4
1140,5
1141,1
1141,2
1141,3
1141,4
1141,5
1142,1
1142,2
1142,3
1142,4
1142,5
1143,1
1143,2
1143,3
1143,4
1143,5
1145,1
1145,2
1145,3
1145,4
1145,5
1146,1
1146,2
1146,3
1146,4
1146,5
1148,1
1148,2
1148,3
1148,4
1148,5
1150,1
1150,2
1150,3
1150,4
1150,5
1154,1
1154,2
1154,3
1154,4
1154,5
1155,1
1155,2
1155,3
1155,4
1155,5
1156,1
1156,2
1156,3
1156,4
1156,5
1158,1
1158,2
1158,3
1158,4
1158,5
1159,1
1159,2
1159,3
1159,4
1159,5
1160,1
1160,2
1160,3
1160,4
1160,5
1161,1
1161,2
1161,3
1161,4
1161,5
1162,1
1162,2
1162,3
1162,4
1162,5
1163,1
1163,2
1163,3
1163,4
1163,5
1164,1
1164,2
1164,3
1164,4
1164,5
1165,1
1165,2
1165,3
1165,4
1165,5
1166,1
1166,2
1166,3
1166,4
1166,5
1167,1
1167,2
1167,3
1167,4
1167,5
1168,1
1168,2
1168,3
1168,4
1168,5
1170,1
1170,2
1170,3
1170,4
1170,5
1171,1
1171,2
1171,3
1171,4
1171,5
1172,1
1172,2
1172,3
1172,4
1172,5
1173,1
1173,2
1173,3
1173,4
1173,5
1174,1
1174,2
1174,3
1174,4
1174,5
1175,1
1175,2
1175,3
1175,4
1175,5
1177,1
1177,2
1177,3
1177,4
1177,5
1178,1
1178,2
1178,3
1178,4
1178,5
1182,1
1182,2
1182,3
1182,4
1182,5
1183,1
1183,2
1183,3
1183,4
1183,5
1184,1
1184,2
1184,3
1184,4
1184,5
1188,1
1188,2
1188,3
1188,4
1188,5
1189,1
1189,2
1189,3
1189,4
1189,5
1190,1
1190,2
1190,3
1190,4
1190,5
1191,1
1191,2
1191,3
1191,4
1191,5
1192,1
1192,2
1192,3
1192,4
1192,5
1193,1
1193,2
1193,3
1193,4
1193,5
1194,1
1194,2
1194,3
1194,4
1194,5
1195,1
1195,2
1195,3
1195,4
1195,5
1196,1
1196,2
1196,3
1196,4
1196,5
1198,1
1198,2
1198,3
1198,4
1198,5
1200,1
1200,2
1200,3
1200,4
1200,5
1201,1
1201,2
1201,3
1201,4
1201,5
1202,1
1202,2
1202,3
1202,4
1202,5
1203,1
1203,2
1203,3
1203,4
1203,5
1204,1
1204,2
1204,3
1204,4
1204,5
1205,1
1205,2
1205,3
1205,4
1205,5
1206,1
1206,2
1206,3
1206,4
1206,5
1207,1
1207,2
1207,3
1207,4
1207,5
1208,1
1208,2
1208,3
1208,4
1208,5
1209,1
1209,2
1209,3
1209,4
1209,5
1210,1
1210,2
1210,3
1210,4
1210,5
1212,1
1212,2
1212,3
1212,4
1212,5
1213,1
1213,2
1213,3
1213,4
1213,5
1214,1
1214,2
1214,3
1214,4
1214,5
1217,1
1217,2
1217,3
1217,4
1217,5
1218,1
1218,2
1218,3
1218,4
1218,5
1220,1
1220,2
1220,3
1220,4
1220,5
1221,1
1221,2
1221,3
1221,4
1221,5
1222,1
1222,2
1222,3
1222,4
1222,5
1223,1
1223,2
1223,3
1223,4
1223,5
1225,1
1225,2
1225,3
1225,4
1225,5
1227,1
1227,2
1227,3
1227,4
1227,5
1228,1
1228,2
1228,3
1228,4
1228,5
1230,1
1230,2
1230,3
1230,4
1230,5
1231,1
1231,2
1231,3
1231,4
1231,5
1232,1
1232,2
1232,3
1232,4
1232,5
1233,1
1233,2
1233,3
1233,4
1233,5
1234,1
1234,2
1234,3
1234,4
1234,5
1235,1
1235,2
1235,3
1235,4
1235,5
1236,1
1236,2
1236,3
1236,4
1236,5
1237,1
1237,2
1237,3
1237,4
1237,5
1238,1
1238,2
1238,3
1238,4
1238,5
1239,1
1239,2
1239,3
1239,4
1239,5
1241,1
1241,2
1241,3
1241,4
1241,5
1243,1
1243,2
1243,3
1243,4
1243,5
1244,1
1244,2
1244,3
1244,4
1244,5
1245,1
1245,2
1245,3
1245,4
1245,5
1247,1
1247,2
1247,3
1247,4
1247,5
1248,1
1248,2
1248,3
1248,4
1248,5
1249,1
1249,2
1249,3
1249,4
1249,5
1250,1
1250,2
1250,3
1250,4
1250,5
1251,1
1251,2
1251,3
1251,4
1251,5
1253,1
1253,2
1253,3
1253,4
1253,5
1254,1
1254,2
1254,3
1254,4
1254,5
1255,1
1255,2
1255,3
1255,4
1255,5
1259,1
1259,2
1259,3
1259,4
1259,5
1260,1
1260,2
1260,3
1260,4
1260,5
1261,1
1261,2
1261,3
1261,4
1261,5
1262,1
1262,2
1262,3
1262,4
1262,5
1264,1
1264,2
1264,3
1264,4
1264,5
1265,1
1265,2
1265,3
1265,4
1265,5
1266,1
1266,2
1266,3
1266,4
1266,5
1267,1
1267,2
1267,3
1267,4
1267,5
1268,1
1268,2
1268,3
1268,4
1268,5
1269,1
1269,2
1269,3
1269,4
1269,5
1270,1
1270,2
1270,3
1270,4
1270,5
1271,1
1271,2
1271,3
1271,4
1271,5
1273,1
1273,2
1273,3
1273,4
1273,5
1274,1
1274,2
1274,3
1274,4
1274,5
1275,1
1275,2
1275,3
1275,4
1275,5
1276,1
1276,2
1276,3
1276,4
1276,5
1277,1
1277,2
1277,3
1277,4
1277,5
1278,1
1278,2
1278,3
1278,4
1278,5
1279,1
1279,2
1279,3
1279,4
1279,5
1281,1
1281,2
1281,3
1281,4
1281,5
1283,1
1283,2
1283,3
1283,4
1283,5
1285,1
1285,2
1285,3
1285,4
1285,5
1286,1
1286,2
1286,3
1286,4
1286,5
1288,1
1288,2
1288,3
1288,4
1288,5
1289,1
1289,2
1289,3
1289,4
1289,5
1290,1
1290,2
1290,3
1290,4
1290,5
1292,1
1292,2
1292,3
1292,4
1292,5
1295,1
1295,2
1295,3
1295,4
1295,5
1296,1
1296,2
1296,3
1296,4
1296,5
1298,1
1298,2
1298,3
1298,4
1298,5
1299,1
1299,2
1299,3
1299,4
1299,5
1300,1
1300,2
1300,3
1300,4
1300,5
1302,1
1302,2
1302,3
1302,4
1302,5
1303,1
1303,2
1303,3
1303,4
1303,5
1305,1
1305,2
1305,3
1305,4
1305,5
1307,1
1307,2
1307,3
1307,4
1307,5
1308,1
1308,2
1308,3
1308,4
1308,5
1310,1
1310,2
1310,3
1310,4
1310,5
1311,1
1311,2
1311,3
1311,4
1311,5
1313,1
1313,2
1313,3
1313,4
1313,5
1314,1
1314,2
1314,3
1314,4
1314,5
1315,1
1315,2
1315,3
1315,4
1315,5
1316,1
1316,2
1316,3
1316,4
1316,5
1317,1
1317,2
1317,3
1317,4
1317,5
1318,1
1318,2
1318,3
1318,4
1318,5
1319,1
1319,2
1319,3
1319,4
1319,5
1320,1
1320,2
1320,3
1320,4
1320,5
1321,1
1321,2
1321,3
1321,4
1321,5
1322,1
1322,2
1322,3
1322,4
1322,5
1324,1
1324,2
1324,3
1324,4
1324,5
1325,1
1325,2
1325,3
1325,4
1325,5
1328,1
1328,2
1328,3
1328,4
1328,5
1329,1
1329,2
1329,3
1329,4
1329,5
1330,1
1330,2
1330,3
1330,4
1330,5
1331,1
1331,2
1331,3
1331,4
1331,5
1332,1
1332,2
1332,3
1332,4
1332,5
1333,1
1333,2
1333,3
1333,4
1333,5
1335,1
1335,2
1335,3
1335,4
1335,5
1338,1
1338,2
1338,3
1338,4
1338,5
1340,1
1340,2
1340,3
1340,4
1340,5
1341,1
1341,2
1341,3
1341,4
1341,5
1342,1
1342,2
1342,3
1342,4
1342,5
1343,1
1343,2
1343,3
1343,4
1343,5
1344,1
1344,2
1344,3
1344,4
1344,5
1347,1
1347,2
1347,3
1347,4
1347,5
1348,1
1348,2
1348,3
1348,4
1348,5
1349,1
1349,2
1349,3
1349,4
1349,5
1351,1
1351,2
1351,3
1351,4
1351,5
1352,1
1352,2
1352,3
1352,4
1352,5
1354,1
1354,2
1354,3
1354,4
1354,5
1357,1
1357,2
1357,3
1357,4
1357,5
1358,1
1358,2
1358,3
1358,4
1358,5
1359,1
1359,2
1359,3
1359,4
1359,5
1360,1
1360,2
1360,3
1360,4
1360,5
1363,1
1363,2
1363,3
1363,4
1363,5
1367,1
1367,2
1367,3
1367,4
1367,5
1368,1
1368,2
1368,3
1368,4
1368,5
1370,1
1370,2
1370,3
1370,4
1370,5
1373,1
1373,2
1373,3
1373,4
1373,5
1374,1
1374,2
1374,3
1374,4
1374,5
1376,1
1376,2
1376,3
1376,4
1376,5
1379,1
1379,2
1379,3
1379,4
1379,5
1384,1
1384,2
1384,3
1384,4
1384,5
1385,1
1385,2
1385,3
1385,4
1385,5
1387,1
1387,2
1387,3
1387,4
1387,5
1388,1
1388,2
1388,3
1388,4
1388,5
1389,1
1389,2
1389,3
1389,4
1389,5
1393,1
1393,2
1393,3
1393,4
1393,5
1396,1
1396,2
1396,3
1396,4
1396,5
1399,1
1399,2
1399,3
1399,4
1399,5
1402,1
1402,2
1402,3
1402,4
1402,5
1403,1
1403,2
1403,3
1403,4
1403,5
1405,1
1405,2
1405,3
1405,4
1405,5
1406,1
1406,2
1406,3
1406,4
1406,5
1411,1
1411,2
1411,3
1411,4
1411,5
1412,1
1412,2
1412,3
1412,4
1412,5
1413,1
1413,2
1413,3
1413,4
1413,5
1414,1
1414,2
1414,3
1414,4
1414,5
1415,1
1415,2
1415,3
1415,4
1415,5
1419,1
1419,2
1419,3
1419,4
1419,5
1420,1
1420,2
1420,3
1420,4
1420,5
1422,1
1422,2
1422,3
1422,4
1422,5
1425,1
1425,2
1425,3
1425,4
1425,5
1426,1
1426,2
1426,3
1426,4
1426,5
1427,1
1427,2
1427,3
1427,4
1427,5
1429,1
1429,2
1429,3
1429,4
1429,5
1430,1
1430,2
1430,3
1430,4
1430,5
1432,1
1432,2
1432,3
1432,4
1432,5
1433,1
1433,2
1433,3
1433,4
1433,5
1434,1
1434,2
1434,3
1434,4
1434,5
1435,1
1435,2
1435,3
1435,4
1435,5
1437,1
1437,2
1437,3
1437,4
1437,5
1438,1
1438,2
1438,3
1438,4
1438,5
1440,1
1440,2
1440,3
1440,4
1440,5
1441,1
1441,2
1441,3
1441,4
1441,5
1443,1
1443,2
1443,3
1443,4
1443,5
1444,1
1444,2
1444,3
1444,4
1444,5
1446,1
1446,2
1446,3
1446,4
1446,5
1447,1
1447,2
1447,3
1447,4
1447,5
1449,1
1449,2
1449,3
1449,4
1449,5
1450,1
1450,2
1450,3
1450,4
1450,5
1451,1
1451,2
1451,3
1451,4
1451,5
1453,1
1453,2
1453,3
1453,4
1453,5
1454,1
1454,2
1454,3
1454,4
1454,5
1455,1
1455,2
1455,3
1455,4
1455,5
1456,1
1456,2
1456,3
1456,4
1456,5
1457,1
1457,2
1457,3
1457,4
1457,5
1458,1
1458,2
1458,3
1458,4
1458,5
1459,1
1459,2
1459,3
1459,4
1459,5
1461,1
1461,2
1461,3
1461,4
1461,5
1463,1
1463,2
1463,3
1463,4
1463,5
1466,1
1466,2
1466,3
1466,4
1466,5
1467,1
1467,2
1467,3
1467,4
1467,5
1468,1
1468,2
1468,3
1468,4
1468,5
1469,1
1469,2
1469,3
1469,4
1469,5
1470,1
1470,2
1470,3
1470,4
1470,5
1473,1
1473,2
1473,3
1473,4
1473,5
1475,1
1475,2
1475,3
1475,4
1475,5
1476,1
1476,2
1476,3
1476,4
1476,5
1477,1
1477,2
1477,3
1477,4
1477,5
1478,1
1478,2
1478,3
1478,4
1478,5
1479,1
1479,2
1479,3
1479,4
1479,5
1481,1
1481,2
1481,3
1481,4
1481,5
1483,1
1483,2
1483,3
1483,4
1483,5
1484,1
1484,2
1484,3
1484,4
1484,5
1487,1
1487,2
1487,3
1487,4
1487,5
1491,1
1491,2
1491,3
1491,4
1491,5
1492,1
1492,2
1492,3
1492,4
1492,5
1495,1
1495,2
1495,3
1495,4
1495,5
1497,1
1497,2
1497,3
1497,4
1497,5
1498,1
1498,2
1498,3
1498,4
1498,5
1499,1
1499,2
1499,3
1499,4
1499,5
1500,1
1500,2
1500,3
1500,4
1500,5
1501,1
1501,2
1501,3
1501,4
1501,5
1502,1
1502,2
1502,3
1502,4
1502,5
1504,1
1504,2
1504,3
1504,4
1504,5
1505,1
1505,2
1505,3
1505,4
1505,5
1507,1
1507,2
1507,3
1507,4
1507,5
1509,1
1509,2
1509,3
1509,4
1509,5
1510,1
1510,2
1510,3
1510,4
1510,5
1511,1
1511,2
1511,3
1511,4
1511,5
1516,1
1516,2
1516,3
1516,4
1516,5
1517,1
1517,2
1517,3
1517,4
1517,5
1520,1
1520,2
1520,3
1520,4
1520,5
1521,1
1521,2
1521,3
1521,4
1521,5
1523,1
1523,2
1523,3
1523,4
1523,5
1524,1
1524,2
1524,3
1524,4
1524,5
1526,1
1526,2
1526,3
1526,4
1526,5
1530,1
1530,2
1530,3
1530,4
1530,5
1534,1
1534,2
1534,3
1534,4
1534,5
1536,1
1536,2
1536,3
1536,4
1536,5
1538,1
1538,2
1538,3
1538,4
1538,5
1539,1
1539,2
1539,3
1539,4
1539,5
1540,1
1540,2
1540,3
1540,4
1540,5
1542,1
1542,2
1542,3
1542,4
1542,5
1543,1
1543,2
1543,3
1543,4
1543,5
1544,1
1544,2
1544,3
1544,4
1544,5
1546,1
1546,2
1546,3
1546,4
1546,5
1548,1
1548,2
1548,3
1548,4
1548,5
1549,1
1549,2
1549,3
1549,4
1549,5
1550,1
1550,2
1550,3
1550,4
1550,5
1551,1
1551,2
1551,3
1551,4
1551,5
1554,1
1554,2
1554,3
1554,4
1554,5
1555,1
1555,2
1555,3
1555,4
1555,5
1556,1
1556,2
1556,3
1556,4
1556,5
1557,1
1557,2
1557,3
1557,4
1557,5
1559,1
1559,2
1559,3
1559,4
1559,5
1561,1
1561,2
1561,3
1561,4
1561,5
1562,1
1562,2
1562,3
1562,4
1562,5
1564,1
1564,2
1564,3
1564,4
1564,5
1567,1
1567,2
1567,3
1567,4
1567,5
1568,1
1568,2
1568,3
1568,4
1568,5
1569,1
1569,2
1569,3
1569,4
1569,5
1570,1
1570,2
1570,3
1570,4
1570,5
1571,1
1571,2
1571,3
1571,4
1571,5
1572,1
1572,2
1572,3
1572,4
1572,5
1573,1
1573,2
1573,3
1573,4
1573,5
1574,1
1574,2
1574,3
1574,4
1574,5
1575,1
1575,2
1575,3
1575,4
1575,5
1576,1
1576,2
1576,3
1576,4
1576,5
1577,1
1577,2
1577,3
1577,4
1577,5
1578,1
1578,2
1578,3
1578,4
1578,5
1579,1
1579,2
1579,3
1579,4
1579,5
1584,1
1584,2
1584,3
1584,4
1584,5
1585,1
1585,2
1585,3
1585,4
1585,5
1587,1
1587,2
1587,3
1587,4
1587,5
1588,1
1588,2
1588,3
1588,4
1588,5
1590,1
1590,2
1590,3
1590,4
1590,5
1594,1
1594,2
1594,3
1594,4
1594,5
1596,1
1596,2
1596,3
1596,4
1596,5
1598,1
1598,2
1598,3
1598,4
1598,5
1599,1
1599,2
1599,3
1599,4
1599,5
1600,1
1600,2
1600,3
1600,4
1600,5
1601,1
1601,2
1601,3
1601,4
1601,5
1602,1
1602,2
1602,3
1602,4
1602,5
1608,1
1608,2
1608,3
1608,4
1608,5
1609,1
1609,2
1609,3
1609,4
1609,5
1612,1
1612,2
1612,3
1612,4
1612,5
1613,1
1613,2
1613,3
1613,4
1613,5
1614,1
1614,2
1614,3
1614,4
1614,5
1615,1
1615,2
1615,3
1615,4
1615,5
1616,1
1616,2
1616,3
1616,4
1616,5
1617,1
1617,2
1617,3
1617,4
1617,5
1618,1
1618,2
1618,3
1618,4
1618,5
1619,1
1619,2
1619,3
1619,4
1619,5
1620,1
1620,2
1620,3
1620,4
1620,5
1621,1
1621,2
1621,3
1621,4
1621,5
1622,1
1622,2
1622,3
1622,4
1622,5
1623,1
1623,2
1623,3
1623,4
1623,5
1625,1
1625,2
1625,3
1625,4
1625,5
1626,1
1626,2
1626,3
1626,4
1626,5
1628,1
1628,2
1628,3
1628,4
1628,5
1629,1
1629,2
1629,3
1629,4
1629,5
1630,1
1630,2
1630,3
1630,4
1630,5
1631,1
1631,2
1631,3
1631,4
1631,5
1632,1
1632,2
1632,3
1632,4
1632,5
1633,1
1633,2
1633,3
1633,4
1633,5
1636,1
1636,2
1636,3
1636,4
1636,5
1637,1
1637,2
1637,3
1637,4
1637,5
1639,1
1639,2
1639,3
1639,4
1639,5
1640,1
1640,2
1640,3
1640,4
1640,5
1641,1
1641,2
1641,3
1641,4
1641,5
1642,1
1642,2
1642,3
1642,4
1642,5
1645,1
1645,2
1645,3
1645,4
1645,5
1648,1
1648,2
1648,3
1648,4
1648,5
1649,1
1649,2
1649,3
1649,4
1649,5
1650,1
1650,2
1650,3
1650,4
1650,5
1651,1
1651,2
1651,3
1651,4
1651,5
1652,1
1652,2
1652,3
1652,4
1652,5
1655,1
1655,2
1655,3
1655,4
1655,5
1660,1
1660,2
1660,3
1660,4
1660,5
1661,1
1661,2
1661,3
1661,4
1661,5
1663,1
1663,2
1663,3
1663,4
1663,5
1664,1
1664,2
1664,3
1664,4
1664,5
1666,1
1666,2
1666,3
1666,4
1666,5
1667,1
1667,2
1667,3
1667,4
1667,5
1668,1
1668,2
1668,3
1668,4
1668,5
1669,1
1669,2
1669,3
1669,4
1669,5
1670,1
1670,2
1670,3
1670,4
1670,5
1671,1
1671,2
1671,3
1671,4
1671,5
1672,1
1672,2
1672,3
1672,4
1672,5
1673,1
1673,2
1673,3
1673,4
1673,5
1674,1
1674,2
1674,3
1674,4
1674,5
1677,1
1677,2
1677,3
1677,4
1677,5
1678,1
1678,2
1678,3
1678,4
1678,5
1680,1
1680,2
1680,3
1680,4
1680,5
1681,1
1681,2
1681,3
1681,4
1681,5
1682,1
1682,2
1682,3
1682,4
1682,5
1684,1
1684,2
1684,3
1684,4
1684,5
1686,1
1686,2
1686,3
1686,4
1686,5
1688,1
1688,2
1688,3
1688,4
1688,5
1689,1
1689,2
1689,3
1689,4
1689,5
1690,1
1690,2
1690,3
1690,4
1690,5
1694,1
1694,2
1694,3
1694,4
1694,5
1696,1
1696,2
1696,3
1696,4
1696,5
1697,1
1697,2
1697,3
1697,4
1697,5
1698,1
1698,2
1698,3
1698,4
1698,5
1699,1
1699,2
1699,3
1699,4
1699,5
1702,1
1702,2
1702,3
1702,4
1702,5
1703,1
1703,2
1703,3
1703,4
1703,5
1706,1
1706,2
1706,3
1706,4
1706,5
1707,1
1707,2
1707,3
1707,4
1707,5
1716,1
1716,2
1716,3
1716,4
1716,5
1717,1
1717,2
1717,3
1717,4
1717,5
1720,1
1720,2
1720,3
1720,4
1720,5
1721,1
1721,2
1721,3
1721,4
1721,5
1725,1
1725,2
1725,3
1725,4
1725,5
1726,1
1726,2
1726,3
1726,4
1726,5
1727,1
1727,2
1727,3
1727,4
1727,5
1728,1
1728,2
1728,3
1728,4
1728,5
1729,1
1729,2
1729,3
1729,4
1729,5
1732,1
1732,2
1732,3
1732,4
1732,5
1733,1
1733,2
1733,3
1733,4
1733,5
1736,1
1736,2
1736,3
1736,4
1736,5
1738,1
1738,2
1738,3
1738,4
1738,5
1739,1
1739,2
1739,3
1739,4
1739,5
1740,1
1740,2
1740,3
1740,4
1740,5
1741,1
1741,2
1741,3
1741,4
1741,5
1742,1
1742,2
1742,3
1742,4
1742,5
1743,1
1743,2
1743,3
1743,4
1743,5
1744,1
1744,2
1744,3
1744,4
1744,5
1745,1
1745,2
1745,3
1745,4
1745,5
1747,1
1747,2
1747,3
1747,4
1747,5
1748,1
1748,2
1748,3
1748,4
1748,5
1749,1
1749,2
1749,3
1749,4
1749,5
1750,1
1750,2
1750,3
1750,4
1750,5
1752,1
1752,2
1752,3
1752,4
1752,5
1753,1
1753,2
1753,3
1753,4
1753,5
1754,1
1754,2
1754,3
1754,4
1754,5
1755,1
1755,2
1755,3
1755,4
1755,5
1756,1
1756,2
1756,3
1756,4
1756,5
1761,1
1761,2
1761,3
1761,4
1761,5
1763,1
1763,2
1763,3
1763,4
1763,5
1766,1
1766,2
1766,3
1766,4
1766,5
1768,1
1768,2
1768,3
1768,4
1768,5
1769,1
1769,2
1769,3
1769,4
1769,5
1770,1
1770,2
1770,3
1770,4
1770,5
1772,1
1772,2
1772,3
1772,4
1772,5
1773,1
1773,2
1773,3
1773,4
1773,5
1774,1
1774,2
1774,3
1774,4
1774,5
1775,1
1775,2
1775,3
1775,4
1775,5
1777,1
1777,2
1777,3
1777,4
1777,5
1778,1
1778,2
1778,3
1778,4
1778,5
1780,1
1780,2
1780,3
1780,4
1780,5
1782,1
1782,2
1782,3
1782,4
1782,5
1783,1
1783,2
1783,3
1783,4
1783,5
1784,1
1784,2
1784,3
1784,4
1784,5
1786,1
1786,2
1786,3
1786,4
1786,5
1787,1
1787,2
1787,3
1787,4
1787,5
1788,1
1788,2
1788,3
1788,4
1788,5
1789,1
1789,2
1789,3
1789,4
1789,5
1791,1
1791,2
1791,3
1791,4
1791,5
1792,1
1792,2
1792,3
1792,4
1792,5
1793,1
1793,2
1793,3
1793,4
1793,5
1794,1
1794,2
1794,3
1794,4
1794,5
1795,1
1795,2
1795,3
1795,4
1795,5
1798,1
1798,2
1798,3
1798,4
1798,5
1799,1
1799,2
1799,3
1799,4
1799,5
1800,1
1800,2
1800,3
1800,4
1800,5
1801,1
1801,2
1801,3
1801,4
1801,5
1802,1
1802,2
1802,3
1802,4
1802,5
1803,1
1803,2
1803,3
1803,4
1803,5
1804,1
1804,2
1804,3
1804,4
1804,5
1807,1
1807,2
1807,3
1807,4
1807,5
1808,1
1808,2
1808,3
1808,4
1808,5
1810,1
1810,2
1810,3
1810,4
1810,5
1812,1
1812,2
1812,3
1812,4
1812,5
1813,1
1813,2
1813,3
1813,4
1813,5
1814,1
1814,2
1814,3
1814,4
1814,5
1815,1
1815,2
1815,3
1815,4
1815,5
1818,1
1818,2
1818,3
1818,4
1818,5
1820,1
1820,2
1820,3
1820,4
1820,5
1821,1
1821,2
1821,3
1821,4
1821,5
1823,1
1823,2
1823,3
1823,4
1823,5
1824,1
1824,2
1824,3
1824,4
1824,5
1825,1
1825,2
1825,3
1825,4
1825,5
1826,1
1826,2
1826,3
1826,4
1826,5
1828,1
1828,2
1828,3
1828,4
1828,5
1830,1
1830,2
1830,3
1830,4
1830,5
1831,1
1831,2
1831,3
1831,4
1831,5
1832,1
1832,2
1832,3
1832,4
1832,5
1833,1
1833,2
1833,3
1833,4
1833,5
1834,1
1834,2
1834,3
1834,4
1834,5
1836,1
1836,2
1836,3
1836,4
1836,5
1837,1
1837,2
1837,3
1837,4
1837,5
1838,1
1838,2
1838,3
1838,4
1838,5
1846,1
1846,2
1846,3
1846,4
1846,5
1847,1
1847,2
1847,3
1847,4
1847,5
1848,1
1848,2
1848,3
1848,4
1848,5
1849,1
1849,2
1849,3
1849,4
1849,5
1850,1
1850,2
1850,3
1850,4
1850,5
1851,1
1851,2
1851,3
1851,4
1851,5
1853,1
1853,2
1853,3
1853,4
1853,5
1856,1
1856,2
1856,3
1856,4
1856,5
1857,1
1857,2
1857,3
1857,4
1857,5
1858,1
1858,2
1858,3
1858,4
1858,5
1859,1
1859,2
1859,3
1859,4
1859,5
1860,1
1860,2
1860,3
1860,4
1860,5
1861,1
1861,2
1861,3
1861,4
1861,5
1862,1
1862,2
1862,3
1862,4
1862,5
1863,1
1863,2
1863,3
1863,4
1863,5
1864,1
1864,2
1864,3
1864,4
1864,5
1865,1
1865,2
1865,3
1865,4
1865,5
1866,1
1866,2
1866,3
1866,4
1866,5
1867,1
1867,2
1867,3
1867,4
1867,5
1869,1
1869,2
1869,3
1869,4
1869,5
1871,1
1871,2
1871,3
1871,4
1871,5
1873,1
1873,2
1873,3
1873,4
1873,5
1874,1
1874,2
1874,3
1874,4
1874,5
1875,1
1875,2
1875,3
1875,4
1875,5
1876,1
1876,2
1876,3
1876,4
1876,5
1877,1
1877,2
1877,3
1877,4
1877,5
1879,1
1879,2
1879,3
1879,4
1879,5
1880,1
1880,2
1880,3
1880,4
1880,5
1881,1
1881,2
1881,3
1881,4
1881,5
1886,1
1886,2
1886,3
1886,4
1886,5
1887,1
1887,2
1887,3
1887,4
1887,5
1888,1
1888,2
1888,3
1888,4
1888,5
1889,1
1889,2
1889,3
1889,4
1889,5
1890,1
1890,2
1890,3
1890,4
1890,5
1893,1
1893,2
1893,3
1893,4
1893,5
1894,1
1894,2
1894,3
1894,4
1894,5
1902,1
1902,2
1902,3
1902,4
1902,5
1903,1
1903,2
1903,3
1903,4
1903,5
1905,1
1905,2
1905,3
1905,4
1905,5
1906,1
1906,2
1906,3
1906,4
1906,5
1908,1
1908,2
1908,3
1908,4
1908,5
1909,1
1909,2
1909,3
1909,4
1909,5
1911,1
1911,2
1911,3
1911,4
1911,5
1912,1
1912,2
1912,3
1912,4
1912,5
1913,1
1913,2
1913,3
1913,4
1913,5
1918,1
1918,2
1918,3
1918,4
1918,5
1920,1
1920,2
1920,3
1920,4
1920,5
1923,1
1923,2
1923,3
1923,4
1923,5
1924,1
1924,2
1924,3
1924,4
1924,5
1926,1
1926,2
1926,3
1926,4
1926,5
1929,1
1929,2
1929,3
1929,4
1929,5
1930,1
1930,2
1930,3
1930,4
1930,5
1931,1
1931,2
1931,3
1931,4
1931,5
1935,1
1935,2
1935,3
1935,4
1935,5
1936,1
1936,2
1936,3
1936,4
1936,5
1937,1
1937,2
1937,3
1937,4
1937,5
1938,1
1938,2
1938,3
1938,4
1938,5
1939,1
1939,2
1939,3
1939,4
1939,5
1940,1
1940,2
1940,3
1940,4
1940,5
1942,1
1942,2
1942,3
1942,4
1942,5
1943,1
1943,2
1943,3
1943,4
1943,5
1944,1
1944,2
1944,3
1944,4
1944,5
1945,1
1945,2
1945,3
1945,4
1945,5
1946,1
1946,2
1946,3
1946,4
1946,5
1948,1
1948,2
1948,3
1948,4
1948,5
1949,1
1949,2
1949,3
1949,4
1949,5
1950,1
1950,2
1950,3
1950,4
1950,5
1954,1
1954,2
1954,3
1954,4
1954,5
1955,1
1955,2
1955,3
1955,4
1955,5
1956,1
1956,2
1956,3
1956,4
1956,5
1957,1
1957,2
1957,3
1957,4
1957,5
1958,1
1958,2
1958,3
1958,4
1958,5
1959,1
1959,2
1959,3
1959,4
1959,5
1960,1
1960,2
1960,3
1960,4
1960,5
1961,1
1961,2
1961,3
1961,4
1961,5
1963,1
1963,2
1963,3
1963,4
1963,5
1965,1
1965,2
1965,3
1965,4
1965,5
1966,1
1966,2
1966,3
1966,4
1966,5
1967,1
1967,2
1967,3
1967,4
1967,5
1969,1
1969,2
1969,3
1969,4
1969,5
1970,1
1970,2
1970,3
1970,4
1970,5
1971,1
1971,2
1971,3
1971,4
1971,5
1975,1
1975,2
1975,3
1975,4
1975,5
1976,1
1976,2
1976,3
1976,4
1976,5
1979,1
1979,2
1979,3
1979,4
1979,5
1980,1
1980,2
1980,3
1980,4
1980,5
1983,1
1983,2
1983,3
1983,4
1983,5
1985,1
1985,2
1985,3
1985,4
1985,5
1986,1
1986,2
1986,3
1986,4
1986,5
1987,1
1987,2
1987,3
1987,4
1987,5
1990,1
1990,2
1990,3
1990,4
1990,5
1991,1
1991,2
1991,3
1991,4
1991,5
1992,1
1992,2
1992,3
1992,4
1992,5
1993,1
1993,2
1993,3
1993,4
1993,5
1998,1
1998,2
1998,3
1998,4
1998,5
2000,1
2000,2
2000,3
2000,4
2000,5
2001,1
2001,2
2001,3
2001,4
2001,5
2002,1
2002,2
2002,3
2002,4
2002,5
2003,1
2003,2
2003,3
2003,4
2003,5
2004,1
2004,2
2004,3
2004,4
2004,5
2006,1
2006,2
2006,3
2006,4
2006,5
2008,1
2008,2
2008,3
2008,4
2008,5
2011,1
2011,2
2011,3
2011,4
2011,5
2012,1
2012,2
2012,3
2012,4
2012,5
2013,1
2013,2
2013,3
2013,4
2013,5
2014,1
2014,2
2014,3
2014,4
2014,5
2015,1
2015,2
2015,3
2015,4
2015,5
2018,1
2018,2
2018,3
2018,4
2018,5
2021,1
2021,2
2021,3
2021,4
2021,5
2026,1
2026,2
2026,3
2026,4
2026,5
2027,1
2027,2
2027,3
2027,4
2027,5
2028,1
2028,2
2028,3
2028,4
2028,5
2031,1
2031,2
2031,3
2031,4
2031,5
2034,1
2034,2
2034,3
2034,4
2034,5
2036,1
2036,2
2036,3
2036,4
2036,5
2038,1
2038,2
2038,3
2038,4
2038,5
2041,1
2041,2
2041,3
2041,4
2041,5
2043,1
2043,2
2043,3
2043,4
2043,5
2044,1
2044,2
2044,3
2044,4
2044,5
2045,1
2045,2
2045,3
2045,4
2045,5
2046,1
2046,2
2046,3
2046,4
2046,5
2047,1
2047,2
2047,3
2047,4
2047,5
2048,1
2048,2
2048,3
2048,4
2048,5
2049,1
2049,2
2049,3
2049,4
2049,5
2051,1
2051,2
2051,3
2051,4
2051,5
2054,1
2054,2
2054,3
2054,4
2054,5
2055,1
2055,2
2055,3
2055,4
2055,5
2056,1
2056,2
2056,3
2056,4
2056,5
2057,1
2057,2
2057,3
2057,4
2057,5
2058,1
2058,2
2058,3
2058,4
2058,5
2059,1
2059,2
2059,3
2059,4
2059,5
2060,1
2060,2
2060,3
2060,4
2060,5
2062,1
2062,2
2062,3
2062,4
2062,5
2064,1
2064,2
2064,3
2064,4
2064,5
2066,1
2066,2
2066,3
2066,4
2066,5
2067,1
2067,2
2067,3
2067,4
2067,5
2068,1
2068,2
2068,3
2068,4
2068,5
2069,1
2069,2
2069,3
2069,4
2069,5
2071,1
2071,2
2071,3
2071,4
2071,5
2075,1
2075,2
2075,3
2075,4
2075,5
2077,1
2077,2
2077,3
2077,4
2077,5
2082,1
2082,2
2082,3
2082,4
2082,5
2083,1
2083,2
2083,3
2083,4
2083,5
2084,1
2084,2
2084,3
2084,4
2084,5
2085,1
2085,2
2085,3
2085,4
2085,5
2088,1
2088,2
2088,3
2088,4
2088,5
2091,1
2091,2
2091,3
2091,4
2091,5
2093,1
2093,2
2093,3
2093,4
2093,5
2094,1
2094,2
2094,3
2094,4
2094,5
2095,1
2095,2
2095,3
2095,4
2095,5
2096,1
2096,2
2096,3
2096,4
2096,5
2097,1
2097,2
2097,3
2097,4
2097,5
2098,1
2098,2
2098,3
2098,4
2098,5
2099,1
2099,2
2099,3
2099,4
2099,5
2101,1
2101,2
2101,3
2101,4
2101,5
2103,1
2103,2
2103,3
2103,4
2103,5
2104,1
2104,2
2104,3
2104,4
2104,5
2106,1
2106,2
2106,3
2106,4
2106,5
2107,1
2107,2
2107,3
2107,4
2107,5
2108,1
2108,2
2108,3
2108,4
2108,5
2109,1
2109,2
2109,3
2109,4
2109,5
2111,1
2111,2
2111,3
2111,4
2111,5
2112,1
2112,2
2112,3
2112,4
2112,5
2113,1
2113,2
2113,3
2113,4
2113,5
2118,1
2118,2
2118,3
2118,4
2118,5
2119,1
2119,2
2119,3
2119,4
2119,5
2120,1
2120,2
2120,3
2120,4
2120,5
2122,1
2122,2
2122,3
2122,4
2122,5
2123,1
2123,2
2123,3
2123,4
2123,5
2124,1
2124,2
2124,3
2124,4
2124,5
2125,1
2125,2
2125,3
2125,4
2125,5
2127,1
2127,2
2127,3
2127,4
2127,5
2129,1
2129,2
2129,3
2129,4
2129,5
2131,1
2131,2
2131,3
2131,4
2131,5
2132,1
2132,2
2132,3
2132,4
2132,5
2133,1
2133,2
2133,3
2133,4
2133,5
2135,1
2135,2
2135,3
2135,4
2135,5
2137,1
2137,2
2137,3
2137,4
2137,5
2138,1
2138,2
2138,3
2138,4
2138,5
2140,1
2140,2
2140,3
2140,4
2140,5
2142,1
2142,2
2142,3
2142,4
2142,5
2143,1
2143,2
2143,3
2143,4
2143,5
2144,1
2144,2
2144,3
2144,4
2144,5
2145,1
2145,2
2145,3
2145,4
2145,5
2146,1
2146,2
2146,3
2146,4
2146,5
2147,1
2147,2
2147,3
2147,4
2147,5
2148,1
2148,2
2148,3
2148,4
2148,5
2149,1
2149,2
2149,3
2149,4
2149,5
2151,1
2151,2
2151,3
2151,4
2151,5
2155,1
2155,2
2155,3
2155,4
2155,5
2159,1
2159,2
2159,3
2159,4
2159,5
2160,1
2160,2
2160,3
2160,4
2160,5
2161,1
2161,2
2161,3
2161,4
2161,5
2163,1
2163,2
2163,3
2163,4
2163,5
2164,1
2164,2
2164,3
2164,4
2164,5
2167,1
2167,2
2167,3
2167,4
2167,5
2169,1
2169,2
2169,3
2169,4
2169,5
2170,1
2170,2
2170,3
2170,4
2170,5
2172,1
2172,2
2172,3
2172,4
2172,5
2179,1
2179,2
2179,3
2179,4
2179,5
2183,1
2183,2
2183,3
2183,4
2183,5
2184,1
2184,2
2184,3
2184,4
2184,5
2186,1
2186,2
2186,3
2186,4
2186,5
2187,1
2187,2
2187,3
2187,4
2187,5
2188,1
2188,2
2188,3
2188,4
2188,5
2189,1
2189,2
2189,3
2189,4
2189,5
2190,1
2190,2
2190,3
2190,4
2190,5
2191,1
2191,2
2191,3
2191,4
2191,5
2193,1
2193,2
2193,3
2193,4
2193,5
2196,1
2196,2
2196,3
2196,4
2196,5
2197,1
2197,2
2197,3
2197,4
2197,5
2198,1
2198,2
2198,3
2198,4
2198,5
2199,1
2199,2
2199,3
2199,4
2199,5
2200,1
2200,2
2200,3
2200,4
2200,5
2201,1
2201,2
2201,3
2201,4
2201,5
2205,1
2205,2
2205,3
2205,4
2205,5
2206,1
2206,2
2206,3
2206,4
2206,5
2208,1
2208,2
2208,3
2208,4
2208,5
2209,1
2209,2
2209,3
2209,4
2209,5
2210,1
2210,2
2210,3
2210,4
2210,5
2212,1
2212,2
2212,3
2212,4
2212,5
2216,1
2216,2
2216,3
2216,4
2216,5
2218,1
2218,2
2218,3
2218,4
2218,5
2221,1
2221,2
2221,3
2221,4
2221,5
2223,1
2223,2
2223,3
2223,4
2223,5
2225,1
2225,2
2225,3
2225,4
2225,5
2228,1
2228,2
2228,3
2228,4
2228,5
2229,1
2229,2
2229,3
2229,4
2229,5
2231,1
2231,2
2231,3
2231,4
2231,5
2232,1
2232,2
2232,3
2232,4
2232,5
2233,1
2233,2
2233,3
2233,4
2233,5
2236,1
2236,2
2236,3
2236,4
2236,5
2237,1
2237,2
2237,3
2237,4
2237,5
2238,1
2238,2
2238,3
2238,4
2238,5
2239,1
2239,2
2239,3
2239,4
2239,5
2240,1
2240,2
2240,3
2240,4
2240,5
2241,1
2241,2
2241,3
2241,4
2241,5
2243,1
2243,2
2243,3
2243,4
2243,5
2246,1
2246,2
2246,3
2246,4
2246,5
2248,1
2248,2
2248,3
2248,4
2248,5
2249,1
2249,2
2249,3
2249,4
2249,5
2250,1
2250,2
2250,3
2250,4
2250,5
2251,1
2251,2
2251,3
2251,4
2251,5
2252,1
2252,2
2252,3
2252,4
2252,5
2257,1
2257,2
2257,3
2257,4
2257,5
2258,1
2258,2
2258,3
2258,4
2258,5
2260,1
2260,2
2260,3
2260,4
2260,5
2261,1
2261,2
2261,3
2261,4
2261,5
2263,1
2263,2
2263,3
2263,4
2263,5
2265,1
2265,2
2265,3
2265,4
2265,5
2268,1
2268,2
2268,3
2268,4
2268,5
2269,1
2269,2
2269,3
2269,4
2269,5
2271,1
2271,2
2271,3
2271,4
2271,5
2272,1
2272,2
2272,3
2272,4
2272,5
2273,1
2273,2
2273,3
2273,4
2273,5
2275,1
2275,2
2275,3
2275,4
2275,5
2276,1
2276,2
2276,3
2276,4
2276,5
2277,1
2277,2
2277,3
2277,4
2277,5
2278,1
2278,2
2278,3
2278,4
2278,5
2279,1
2279,2
2279,3
2279,4
2279,5
2280,1
2280,2
2280,3
2280,4
2280,5
2282,1
2282,2
2282,3
2282,4
2282,5
2284,1
2284,2
2284,3
2284,4
2284,5
2285,1
2285,2
2285,3
2285,4
2285,5
2286,1
2286,2
2286,3
2286,4
2286,5
2287,1
2287,2
2287,3
2287,4
2287,5
2288,1
2288,2
2288,3
2288,4
2288,5
2289,1
2289,2
2289,3
2289,4
2289,5
2291,1
2291,2
2291,3
2291,4
2291,5
2294,1
2294,2
2294,3
2294,4
2294,5
2295,1
2295,2
2295,3
2295,4
2295,5
2296,1
2296,2
2296,3
2296,4
2296,5
2298,1
2298,2
2298,3
2298,4
2298,5
2300,1
2300,2
2300,3
2300,4
2300,5
2301,1
2301,2
2301,3
2301,4
2301,5
2302,1
2302,2
2302,3
2302,4
2302,5
2303,1
2303,2
2303,3
2303,4
2303,5
2304,1
2304,2
2304,3
2304,4
2304,5
2305,1
2305,2
2305,3
2305,4
2305,5
2306,1
2306,2
2306,3
2306,4
2306,5
2308,1
2308,2
2308,3
2308,4
2308,5
2309,1
2309,2
2309,3
2309,4
2309,5
2311,1
2311,2
2311,3
2311,4
2311,5
2312,1
2312,2
2312,3
2312,4
2312,5
2315,1
2315,2
2315,3
2315,4
2315,5
2317,1
2317,2
2317,3
2317,4
2317,5
2318,1
2318,2
2318,3
2318,4
2318,5
2319,1
2319,2
2319,3
2319,4
2319,5
2320,1
2320,2
2320,3
2320,4
2320,5
2322,1
2322,2
2322,3
2322,4
2322,5
2323,1
2323,2
2323,3
2323,4
2323,5
2324,1
2324,2
2324,3
2324,4
2324,5
2326,1
2326,2
2326,3
2326,4
2326,5
2327,1
2327,2
2327,3
2327,4
2327,5
2328,1
2328,2
2328,3
2328,4
2328,5
2329,1
2329,2
2329,3
2329,4
2329,5
2331,1
2331,2
2331,3
2331,4
2331,5
2333,1
2333,2
2333,3
2333,4
2333,5
2334,1
2334,2
2334,3
2334,4
2334,5
2335,1
2335,2
2335,3
2335,4
2335,5
2336,1
2336,2
2336,3
2336,4
2336,5
2338,1
2338,2
2338,3
2338,4
2338,5
2340,1
2340,2
2340,3
2340,4
2340,5
2341,1
2341,2
2341,3
2341,4
2341,5
2342,1
2342,2
2342,3
2342,4
2342,5
2344,1
2344,2
2344,3
2344,4
2344,5
2345,1
2345,2
2345,3
2345,4
2345,5
2349,1
2349,2
2349,3
2349,4
2349,5
2350,1
2350,2
2350,3
2350,4
2350,5
2351,1
2351,2
2351,3
2351,4
2351,5
2353,1
2353,2
2353,3
2353,4
2353,5
2355,1
2355,2
2355,3
2355,4
2355,5
2356,1
2356,2
2356,3
2356,4
2356,5
2359,1
2359,2
2359,3
2359,4
2359,5
2360,1
2360,2
2360,3
2360,4
2360,5
2362,1
2362,2
2362,3
2362,4
2362,5
2363,1
2363,2
2363,3
2363,4
2363,5
2364,1
2364,2
2364,3
2364,4
2364,5
2367,1
2367,2
2367,3
2367,4
2367,5
2368,1
2368,2
2368,3
2368,4
2368,5
2369,1
2369,2
2369,3
2369,4
2369,5
2370,1
2370,2
2370,3
2370,4
2370,5
2374,1
2374,2
2374,3
2374,4
2374,5
2377,1
2377,2
2377,3
2377,4
2377,5
2378,1
2378,2
2378,3
2378,4
2378,5
2379,1
2379,2
2379,3
2379,4
2379,5
2382,1
2382,2
2382,3
2382,4
2382,5
2383,1
2383,2
2383,3
2383,4
2383,5
2384,1
2384,2
2384,3
2384,4
2384,5
2389,1
2389,2
2389,3
2389,4
2389,5
2390,1
2390,2
2390,3
2390,4
2390,5
2391,1
2391,2
2391,3
2391,4
2391,5
2392,1
2392,2
2392,3
2392,4
2392,5
2393,1
2393,2
2393,3
2393,4
2393,5
2394,1
2394,2
2394,3
2394,4
2394,5
2395,1
2395,2
2395,3
2395,4
2395,5
2396,1
2396,2
2396,3
2396,4
2396,5
2397,1
2397,2
2397,3
2397,4
2397,5
2398,1
2398,2
2398,3
2398,4
2398,5
2399,1
2399,2
2399,3
2399,4
2399,5
2400,1
2400,2
2400,3
2400,4
2400,5
2401,1
2401,2
2401,3
2401,4
2401,5
2403,1
2403,2
2403,3
2403,4
2403,5
2406,1
2406,2
2406,3
2406,4
2406,5
2407,1
2407,2
2407,3
2407,4
2407,5
2409,1
2409,2
2409,3
2409,4
2409,5
2411,1
2411,2
2411,3
2411,4
2411,5
2414,1
2414,2
2414,3
2414,4
2414,5
2415,1
2415,2
2415,3
2415,4
2415,5
2416,1
2416,2
2416,3
2416,4
2416,5
2418,1
2418,2
2418,3
2418,4
2418,5
2419,1
2419,2
2419,3
2419,4
2419,5
2421,1
2421,2
2421,3
2421,4
2421,5
2427,1
2427,2
2427,3
2427,4
2427,5
2429,1
2429,2
2429,3
2429,4
2429,5
2435,1
2435,2
2435,3
2435,4
2435,5
2436,1
2436,2
2436,3
2436,4
2436,5
2437,1
2437,2
2437,3
2437,4
2437,5
2438,1
2438,2
2438,3
2438,4
2438,5
2439,1
2439,2
2439,3
2439,4
2439,5
2440,1
2440,2
2440,3
2440,4
2440,5
2442,1
2442,2
2442,3
2442,4
2442,5
2444,1
2444,2
2444,3
2444,4
2444,5
2449,1
2449,2
2449,3
2449,4
2449,5
2451,1
2451,2
2451,3
2451,4
2451,5
2452,1
2452,2
2452,3
2452,4
2452,5
2454,1
2454,2
2454,3
2454,4
2454,5
2456,1
2456,2
2456,3
2456,4
2456,5
2457,1
2457,2
2457,3
2457,4
2457,5
2458,1
2458,2
2458,3
2458,4
2458,5
2459,1
2459,2
2459,3
2459,4
2459,5
2460,1
2460,2
2460,3
2460,4
2460,5
2461,1
2461,2
2461,3
2461,4
2461,5
2462,1
2462,2
2462,3
2462,4
2462,5
2463,1
2463,2
2463,3
2463,4
2463,5
2464,1
2464,2
2464,3
2464,4
2464,5
2466,1
2466,2
2466,3
2466,4
2466,5
2467,1
2467,2
2467,3
2467,4
2467,5
2469,1
2469,2
2469,3
2469,4
2469,5
2470,1
2470,2
2470,3
2470,4
2470,5
2471,1
2471,2
2471,3
2471,4
2471,5
2472,1
2472,2
2472,3
2472,4
2472,5
2475,1
2475,2
2475,3
2475,4
2475,5
2476,1
2476,2
2476,3
2476,4
2476,5
2477,1
2477,2
2477,3
2477,4
2477,5
2478,1
2478,2
2478,3
2478,4
2478,5
2479,1
2479,2
2479,3
2479,4
2479,5
2480,1
2480,2
2480,3
2480,4
2480,5
2481,1
2481,2
2481,3
2481,4
2481,5
2482,1
2482,2
2482,3
2482,4
2482,5
2485,1
2485,2
2485,3
2485,4
2485,5
2486,1
2486,2
2486,3
2486,4
2486,5
2492,1
2492,2
2492,3
2492,4
2492,5
2493,1
2493,2
2493,3
2493,4
2493,5
2494,1
2494,2
2494,3
2494,4
2494,5
2495,1
2495,2
2495,3
2495,4
2495,5
2496,1
2496,2
2496,3
2496,4
2496,5
2497,1
2497,2
2497,3
2497,4
2497,5
2500,1
2500,2
2500,3
2500,4
2500,5
2501,1
2501,2
2501,3
2501,4
2501,5
2502,1
2502,2
2502,3
2502,4
2502,5
2503,1
2503,2
2503,3
2503,4
2503,5
2504,1
2504,2
2504,3
2504,4
2504,5
2505,1
2505,2
2505,3
2505,4
2505,5
2506,1
2506,2
2506,3
2506,4
2506,5
2507,1
2507,2
2507,3
2507,4
2507,5
2508,1
2508,2
2508,3
2508,4
2508,5
2509,1
2509,2
2509,3
2509,4
2509,5
2510,1
2510,2
2510,3
2510,4
2510,5
2512,1
2512,2
2512,3
2512,4
2512,5
2515,1
2515,2
2515,3
2515,4
2515,5
2517,1
2517,2
2517,3
2517,4
2517,5
2518,1
2518,2
2518,3
2518,4
2518,5
2519,1
2519,2
2519,3
2519,4
2519,5
2521,1
2521,2
2521,3
2521,4
2521,5
2522,1
2522,2
2522,3
2522,4
2522,5
2524,1
2524,2
2524,3
2524,4
2524,5
2525,1
2525,2
2525,3
2525,4
2525,5
2526,1
2526,2
2526,3
2526,4
2526,5
2527,1
2527,2
2527,3
2527,4
2527,5
2529,1
2529,2
2529,3
2529,4
2529,5
2530,1
2530,2
2530,3
2530,4
2530,5
2532,1
2532,2
2532,3
2532,4
2532,5
2534,1
2534,2
2534,3
2534,4
2534,5
2537,1
2537,2
2537,3
2537,4
2537,5
2538,1
2538,2
2538,3
2538,4
2538,5
2539,1
2539,2
2539,3
2539,4
2539,5
2540,1
2540,2
2540,3
2540,4
2540,5
2541,1
2541,2
2541,3
2541,4
2541,5
2542,1
2542,2
2542,3
2542,4
2542,5
2544,1
2544,2
2544,3
2544,4
2544,5
2545,1
2545,2
2545,3
2545,4
2545,5
2547,1
2547,2
2547,3
2547,4
2547,5
2548,1
2548,2
2548,3
2548,4
2548,5
2551,1
2551,2
2551,3
2551,4
2551,5
2552,1
2552,2
2552,3
2552,4
2552,5
2553,1
2553,2
2553,3
2553,4
2553,5
2554,1
2554,2
2554,3
2554,4
2554,5
2555,1
2555,2
2555,3
2555,4
2555,5
2556,1
2556,2
2556,3
2556,4
2556,5
2557,1
2557,2
2557,3
2557,4
2557,5
2560,1
2560,2
2560,3
2560,4
2560,5
2562,1
2562,2
2562,3
2562,4
2562,5
2563,1
2563,2
2563,3
2563,4
2563,5
2564,1
2564,2
2564,3
2564,4
2564,5
2567,1
2567,2
2567,3
2567,4
2567,5
2568,1
2568,2
2568,3
2568,4
2568,5
2569,1
2569,2
2569,3
2569,4
2569,5
2570,1
2570,2
2570,3
2570,4
2570,5
2571,1
2571,2
2571,3
2571,4
2571,5
2572,1
2572,2
2572,3
2572,4
2572,5
2575,1
2575,2
2575,3
2575,4
2575,5
2576,1
2576,2
2576,3
2576,4
2576,5
2578,1
2578,2
2578,3
2578,4
2578,5
2579,1
2579,2
2579,3
2579,4
2579,5
2581,1
2581,2
2581,3
2581,4
2581,5
2582,1
2582,2
2582,3
2582,4
2582,5
2584,1
2584,2
2584,3
2584,4
2584,5
2587,1
2587,2
2587,3
2587,4
2587,5
2590,1
2590,2
2590,3
2590,4
2590,5
2592,1
2592,2
2592,3
2592,4
2592,5
2593,1
2593,2
2593,3
2593,4
2593,5
2594,1
2594,2
2594,3
2594,4
2594,5
2595,1
2595,2
2595,3
2595,4
2595,5
2596,1
2596,2
2596,3
2596,4
2596,5
2598,1
2598,2
2598,3
2598,4
2598,5
2599,1
2599,2
2599,3
2599,4
2599,5
2600,1
2600,2
2600,3
2600,4
2600,5
2601,1
2601,2
2601,3
2601,4
2601,5
2602,1
2602,2
2602,3
2602,4
2602,5
2603,1
2603,2
2603,3
2603,4
2603,5
2605,1
2605,2
2605,3
2605,4
2605,5
2607,1
2607,2
2607,3
2607,4
2607,5
2608,1
2608,2
2608,3
2608,4
2608,5
2612,1
2612,2
2612,3
2612,4
2612,5
2613,1
2613,2
2613,3
2613,4
2613,5
2614,1
2614,2
2614,3
2614,4
2614,5
2615,1
2615,2
2615,3
2615,4
2615,5
2616,1
2616,2
2616,3
2616,4
2616,5
2618,1
2618,2
2618,3
2618,4
2618,5
2620,1
2620,2
2620,3
2620,4
2620,5
2621,1
2621,2
2621,3
2621,4
2621,5
2622,1
2622,2
2622,3
2622,4
2622,5
2623,1
2623,2
2623,3
2623,4
2623,5
2624,1
2624,2
2624,3
2624,4
2624,5
2625,1
2625,2
2625,3
2625,4
2625,5
2628,1
2628,2
2628,3
2628,4
2628,5
2631,1
2631,2
2631,3
2631,4
2631,5
2633,1
2633,2
2633,3
2633,4
2633,5
2634,1
2634,2
2634,3
2634,4
2634,5
2635,1
2635,2
2635,3
2635,4
2635,5
2636,1
2636,2
2636,3
2636,4
2636,5
2637,1
2637,2
2637,3
2637,4
2637,5
2639,1
2639,2
2639,3
2639,4
2639,5
2640,1
2640,2
2640,3
2640,4
2640,5
2642,1
2642,2
2642,3
2642,4
2642,5
2643,1
2643,2
2643,3
2643,4
2643,5
2645,1
2645,2
2645,3
2645,4
2645,5
2646,1
2646,2
2646,3
2646,4
2646,5
2649,1
2649,2
2649,3
2649,4
2649,5
2651,1
2651,2
2651,3
2651,4
2651,5
2652,1
2652,2
2652,3
2652,4
2652,5
2653,1
2653,2
2653,3
2653,4
2653,5
2654,1
2654,2
2654,3
2654,4
2654,5
2655,1
2655,2
2655,3
2655,4
2655,5
2656,1
2656,2
2656,3
2656,4
2656,5
2658,1
2658,2
2658,3
2658,4
2658,5
2659,1
2659,2
2659,3
2659,4
2659,5
2660,1
2660,2
2660,3
2660,4
2660,5
2662,1
2662,2
2662,3
2662,4
2662,5
2664,1
2664,2
2664,3
2664,4
2664,5
2665,1
2665,2
2665,3
2665,4
2665,5
2666,1
2666,2
2666,3
2666,4
2666,5
2667,1
2667,2
2667,3
2667,4
2667,5
2668,1
2668,2
2668,3
2668,4
2668,5
2670,1
2670,2
2670,3
2670,4
2670,5
2671,1
2671,2
2671,3
2671,4
2671,5
2679,1
2679,2
2679,3
2679,4
2679,5
2680,1
2680,2
2680,3
2680,4
2680,5
2682,1
2682,2
2682,3
2682,4
2682,5
2684,1
2684,2
2684,3
2684,4
2684,5
2685,1
2685,2
2685,3
2685,4
2685,5
2687,1
2687,2
2687,3
2687,4
2687,5
2688,1
2688,2
2688,3
2688,4
2688,5
2689,1
2689,2
2689,3
2689,4
2689,5
2690,1
2690,2
2690,3
2690,4
2690,5
2692,1
2692,2
2692,3
2692,4
2692,5
2694,1
2694,2
2694,3
2694,4
2694,5
2696,1
2696,2
2696,3
2696,4
2696,5
2697,1
2697,2
2697,3
2697,4
2697,5
2698,1
2698,2
2698,3
2698,4
2698,5
2699,1
2699,2
2699,3
2699,4
2699,5
2701,1
2701,2
2701,3
2701,4
2701,5
2704,1
2704,2
2704,3
2704,4
2704,5
2705,1
2705,2
2705,3
2705,4
2705,5
2707,1
2707,2
2707,3
2707,4
2707,5
2708,1
2708,2
2708,3
2708,4
2708,5
2709,1
2709,2
2709,3
2709,4
2709,5
2710,1
2710,2
2710,3
2710,4
2710,5
2711,1
2711,2
2711,3
2711,4
2711,5
2712,1
2712,2
2712,3
2712,4
2712,5
2713,1
2713,2
2713,3
2713,4
2713,5
2714,1
2714,2
2714,3
2714,4
2714,5
2717,1
2717,2
2717,3
2717,4
2717,5
2718,1
2718,2
2718,3
2718,4
2718,5
2719,1
2719,2
2719,3
2719,4
2719,5
2721,1
2721,2
2721,3
2721,4
2721,5
2722,1
2722,2
2722,3
2722,4
2722,5
2723,1
2723,2
2723,3
2723,4
2723,5
2724,1
2724,2
2724,3
2724,4
2724,5
2725,1
2725,2
2725,3
2725,4
2725,5
2727,1
2727,2
2727,3
2727,4
2727,5
2728,1
2728,2
2728,3
2728,4
2728,5
2729,1
2729,2
2729,3
2729,4
2729,5
2730,1
2730,2
2730,3
2730,4
2730,5
2731,1
2731,2
2731,3
2731,4
2731,5
2732,1
2732,2
2732,3
2732,4
2732,5
2733,1
2733,2
2733,3
2733,4
2733,5
2735,1
2735,2
2735,3
2735,4
2735,5
2737,1
2737,2
2737,3
2737,4
2737,5
2738,1
2738,2
2738,3
2738,4
2738,5
2739,1
2739,2
2739,3
2739,4
2739,5
2740,1
2740,2
2740,3
2740,4
2740,5
2742,1
2742,2
2742,3
2742,4
2742,5
2743,1
2743,2
2743,3
2743,4
2743,5
2744,1
2744,2
2744,3
2744,4
2744,5
2745,1
2745,2
2745,3
2745,4
2745,5
2747,1
2747,2
2747,3
2747,4
2747,5
2749,1
2749,2
2749,3
2749,4
2749,5
2752,1
2752,2
2752,3
2752,4
2752,5
2753,1
2753,2
2753,3
2753,4
2753,5
2754,1
2754,2
2754,3
2754,4
2754,5
2756,1
2756,2
2756,3
2756,4
2756,5
2757,1
2757,2
2757,3
2757,4
2757,5
2759,1
2759,2
2759,3
2759,4
2759,5
2761,1
2761,2
2761,3
2761,4
2761,5
2763,1
2763,2
2763,3
2763,4
2763,5
2764,1
2764,2
2764,3
2764,4
2764,5
2765,1
2765,2
2765,3
2765,4
2765,5
2766,1
2766,2
2766,3
2766,4
2766,5
2767,1
2767,2
2767,3
2767,4
2767,5
2768,1
2768,2
2768,3
2768,4
2768,5
2769,1
2769,2
2769,3
2769,4
2769,5
2770,1
2770,2
2770,3
2770,4
2770,5
2771,1
2771,2
2771,3
2771,4
2771,5
2772,1
2772,2
2772,3
2772,4
2772,5
2773,1
2773,2
2773,3
2773,4
2773,5
2774,1
2774,2
2774,3
2774,4
2774,5
2775,1
2775,2
2775,3
2775,4
2775,5
2776,1
2776,2
2776,3
2776,4
2776,5
2777,1
2777,2
2777,3
2777,4
2777,5
2780,1
2780,2
2780,3
2780,4
2780,5
2781,1
2781,2
2781,3
2781,4
2781,5
2785,1
2785,2
2785,3
2785,4
2785,5
2786,1
2786,2
2786,3
2786,4
2786,5
2788,1
2788,2
2788,3
2788,4
2788,5
2789,1
2789,2
2789,3
2789,4
2789,5
2790,1
2790,2
2790,3
2790,4
2790,5
2791,1
2791,2
2791,3
2791,4
2791,5
2792,1
2792,2
2792,3
2792,4
2792,5
2793,1
2793,2
2793,3
2793,4
2793,5
2794,1
2794,2
2794,3
2794,4
2794,5
2796,1
2796,2
2796,3
2796,4
2796,5
2797,1
2797,2
2797,3
2797,4
2797,5
2799,1
2799,2
2799,3
2799,4
2799,5
2800,1
2800,2
2800,3
2800,4
2800,5
2801,1
2801,2
2801,3
2801,4
2801,5
2803,1
2803,2
2803,3
2803,4
2803,5
2804,1
2804,2
2804,3
2804,4
2804,5
2805,1
2805,2
2805,3
2805,4
2805,5
2807,1
2807,2
2807,3
2807,4
2807,5
2808,1
2808,2
2808,3
2808,4
2808,5
2809,1
2809,2
2809,3
2809,4
2809,5
2815,1
2815,2
2815,3
2815,4
2815,5
2816,1
2816,2
2816,3
2816,4
2816,5
2817,1
2817,2
2817,3
2817,4
2817,5
2819,1
2819,2
2819,3
2819,4
2819,5
2821,1
2821,2
2821,3
2821,4
2821,5
2823,1
2823,2
2823,3
2823,4
2823,5
2828,1
2828,2
2828,3
2828,4
2828,5
2830,1
2830,2
2830,3
2830,4
2830,5
2831,1
2831,2
2831,3
2831,4
2831,5
2832,1
2832,2
2832,3
2832,4
2832,5
2834,1
2834,2
2834,3
2834,4
2834,5
2835,1
2835,2
2835,3
2835,4
2835,5
2836,1
2836,2
2836,3
2836,4
2836,5
2837,1
2837,2
2837,3
2837,4
2837,5
2839,1
2839,2
2839,3
2839,4
2839,5
2841,1
2841,2
2841,3
2841,4
2841,5
2843,1
2843,2
2843,3
2843,4
2843,5
2845,1
2845,2
2845,3
2845,4
2845,5
2846,1
2846,2
2846,3
2846,4
2846,5
2848,1
2848,2
2848,3
2848,4
2848,5
2851,1
2851,2
2851,3
2851,4
2851,5
2852,1
2852,2
2852,3
2852,4
2852,5
2854,1
2854,2
2854,3
2854,4
2854,5
2855,1
2855,2
2855,3
2855,4
2855,5
2856,1
2856,2
2856,3
2856,4
2856,5
2857,1
2857,2
2857,3
2857,4
2857,5
2858,1
2858,2
2858,3
2858,4
2858,5
2859,1
2859,2
2859,3
2859,4
2859,5
2860,1
2860,2
2860,3
2860,4
2860,5
2861,1
2861,2
2861,3
2861,4
2861,5
2863,1
2863,2
2863,3
2863,4
2863,5
2865,1
2865,2
2865,3
2865,4
2865,5
2866,1
2866,2
2866,3
2866,4
2866,5
2867,1
2867,2
2867,3
2867,4
2867,5
2869,1
2869,2
2869,3
2869,4
2869,5
2871,1
2871,2
2871,3
2871,4
2871,5
2872,1
2872,2
2872,3
2872,4
2872,5
2873,1
2873,2
2873,3
2873,4
2873,5
2875,1
2875,2
2875,3
2875,4
2875,5
2880,1
2880,2
2880,3
2880,4
2880,5
2881,1
2881,2
2881,3
2881,4
2881,5
2883,1
2883,2
2883,3
2883,4
2883,5
2884,1
2884,2
2884,3
2884,4
2884,5
2887,1
2887,2
2887,3
2887,4
2887,5
2889,1
2889,2
2889,3
2889,4
2889,5
2890,1
2890,2
2890,3
2890,4
2890,5
2894,1
2894,2
2894,3
2894,4
2894,5
2896,1
2896,2
2896,3
2896,4
2896,5
2899,1
2899,2
2899,3
2899,4
2899,5
2901,1
2901,2
2901,3
2901,4
2901,5
2903,1
2903,2
2903,3
2903,4
2903,5
2904,1
2904,2
2904,3
2904,4
2904,5
2906,1
2906,2
2906,3
2906,4
2906,5
2909,1
2909,2
2909,3
2909,4
2909,5
2911,1
2911,2
2911,3
2911,4
2911,5
2912,1
2912,2
2912,3
2912,4
2912,5
2915,1
2915,2
2915,3
2915,4
2915,5
2916,1
2916,2
2916,3
2916,4
2916,5
2918,1
2918,2
2918,3
2918,4
2918,5
2920,1
2920,2
2920,3
2920,4
2920,5
2921,1
2921,2
2921,3
2921,4
2921,5
2922,1
2922,2
2922,3
2922,4
2922,5
2923,1
2923,2
2923,3
2923,4
2923,5
2924,1
2924,2
2924,3
2924,4
2924,5
2925,1
2925,2
2925,3
2925,4
2925,5
2926,1
2926,2
2926,3
2926,4
2926,5
2928,1
2928,2
2928,3
2928,4
2928,5
2929,1
2929,2
2929,3
2929,4
2929,5
2930,1
2930,2
2930,3
2930,4
2930,5
2931,1
2931,2
2931,3
2931,4
2931,5
2932,1
2932,2
2932,3
2932,4
2932,5
2933,1
2933,2
2933,3
2933,4
2933,5
2934,1
2934,2
2934,3
2934,4
2934,5
2935,1
2935,2
2935,3
2935,4
2935,5
2936,1
2936,2
2936,3
2936,4
2936,5
2938,1
2938,2
2938,3
2938,4
2938,5
2939,1
2939,2
2939,3
2939,4
2939,5
2941,1
2941,2
2941,3
2941,4
2941,5
2942,1
2942,2
2942,3
2942,4
2942,5
2944,1
2944,2
2944,3
2944,4
2944,5
2945,1
2945,2
2945,3
2945,4
2945,5
2946,1
2946,2
2946,3
2946,4
2946,5
2950,1
2950,2
2950,3
2950,4
2950,5
2951,1
2951,2
2951,3
2951,4
2951,5
2952,1
2952,2
2952,3
2952,4
2952,5
2956,1
2956,2
2956,3
2956,4
2956,5
2958,1
2958,2
2958,3
2958,4
2958,5
2959,1
2959,2
2959,3
2959,4
2959,5
2960,1
2960,2
2960,3
2960,4
2960,5
2962,1
2962,2
2962,3
2962,4
2962,5
2964,1
2964,2
2964,3
2964,4
2964,5
2967,1
2967,2
2967,3
2967,4
2967,5
2970,1
2970,2
2970,3
2970,4
2970,5
2971,1
2971,2
2971,3
2971,4
2971,5
2972,1
2972,2
2972,3
2972,4
2972,5
2974,1
2974,2
2974,3
2974,4
2974,5
2975,1
2975,2
2975,3
2975,4
2975,5
2978,1
2978,2
2978,3
2978,4
2978,5
2979,1
2979,2
2979,3
2979,4
2979,5
2980,1
2980,2
2980,3
2980,4
2980,5
2981,1
2981,2
2981,3
2981,4
2981,5
2984,1
2984,2
2984,3
2984,4
2984,5
2989,1
2989,2
2989,3
2989,4
2989,5
2990,1
2990,2
2990,3
2990,4
2990,5
2991,1
2991,2
2991,3
2991,4
2991,5
2994,1
2994,2
2994,3
2994,4
2994,5
2996,1
2996,2
2996,3
2996,4
2996,5
2997,1
2997,2
2997,3
2997,4
2997,5
3000,1
3000,2
3000,3
3000,4
3000,5
3002,1
3002,2
3002,3
3002,4
3002,5
3003,1
3003,2
3003,3
3003,4
3003,5
3004,1
3004,2
3004,3
3004,4
3004,5
3005,1
3005,2
3005,3
3005,4
3005,5
3007,1
3007,2
3007,3
3007,4
3007,5
3008,1
3008,2
3008,3
3008,4
3008,5
3009,1
3009,2
3009,3
3009,4
3009,5
3010,1
3010,2
3010,3
3010,4
3010,5
3012,1
3012,2
3012,3
3012,4
3012,5
3013,1
3013,2
3013,3
3013,4
3013,5
3014,1
3014,2
3014,3
3014,4
3014,5
3017,1
3017,2
3017,3
3017,4
3017,5
3018,1
3018,2
3018,3
3018,4
3018,5
3021,1
3021,2
3021,3
3021,4
3021,5
3022,1
3022,2
3022,3
3022,4
3022,5
3023,1
3023,2
3023,3
3023,4
3023,5
3024,1
3024,2
3024,3
3024,4
3024,5
3025,1
3025,2
3025,3
3025,4
3025,5
3026,1
3026,2
3026,3
3026,4
3026,5
3028,1
3028,2
3028,3
3028,4
3028,5
3029,1
3029,2
3029,3
3029,4
3029,5
3030,1
3030,2
3030,3
3030,4
3030,5
3031,1
3031,2
3031,3
3031,4
3031,5
3033,1
3033,2
3033,3
3033,4
3033,5
3034,1
3034,2
3034,3
3034,4
3034,5
3035,1
3035,2
3035,3
3035,4
3035,5
3036,1
3036,2
3036,3
3036,4
3036,5
3040,1
3040,2
3040,3
3040,4
3040,5
3041,1
3041,2
3041,3
3041,4
3041,5
3042,1
3042,2
3042,3
3042,4
3042,5
3044,1
3044,2
3044,3
3044,4
3044,5
3045,1
3045,2
3045,3
3045,4
3045,5
3046,1
3046,2
3046,3
3046,4
3046,5
3047,1
3047,2
3047,3
3047,4
3047,5
3049,1
3049,2
3049,3
3049,4
3049,5
3050,1
3050,2
3050,3
3050,4
3050,5
3052,1
3052,2
3052,3
3052,4
3052,5
3053,1
3053,2
3053,3
3053,4
3053,5
3054,1
3054,2
3054,3
3054,4
3054,5
3055,1
3055,2
3055,3
3055,4
3055,5
3056,1
3056,2
3056,3
3056,4
3056,5
3059,1
3059,2
3059,3
3059,4
3059,5
3060,1
3060,2
3060,3
3060,4
3060,5
3062,1
3062,2
3062,3
3062,4
3062,5
3063,1
3063,2
3063,3
3063,4
3063,5
3064,1
3064,2
3064,3
3064,4
3064,5
3065,1
3065,2
3065,3
3065,4
3065,5
3068,1
3068,2
3068,3
3068,4
3068,5
3069,1
3069,2
3069,3
3069,4
3069,5
3070,1
3070,2
3070,3
3070,4
3070,5
3072,1
3072,2
3072,3
3072,4
3072,5
3073,1
3073,2
3073,3
3073,4
3073,5
3074,1
3074,2
3074,3
3074,4
3074,5
3075,1
3075,2
3075,3
3075,4
3075,5
3076,1
3076,2
3076,3
3076,4
3076,5
3077,1
3077,2
3077,3
3077,4
3077,5
3080,1
3080,2
3080,3
3080,4
3080,5
3081,1
3081,2
3081,3
3081,4
3081,5
3083,1
3083,2
3083,3
3083,4
3083,5
3084,1
3084,2
3084,3
3084,4
3084,5
3088,1
3088,2
3088,3
3088,4
3088,5
3089,1
3089,2
3089,3
3089,4
3089,5
3090,1
3090,2
3090,3
3090,4
3090,5
3092,1
3092,2
3092,3
3092,4
3092,5
3094,1
3094,2
3094,3
3094,4
3094,5
3096,1
3096,2
3096,3
3096,4
3096,5
3097,1
3097,2
3097,3
3097,4
3097,5
3098,1
3098,2
3098,3
3098,4
3098,5
3099,1
3099,2
3099,3
3099,4
3099,5
3101,1
3101,2
3101,3
3101,4
3101,5
3102,1
3102,2
3102,3
3102,4
3102,5
3103,1
3103,2
3103,3
3103,4
3103,5
3104,1
3104,2
3104,3
3104,4
3104,5
3105,1
3105,2
3105,3
3105,4
3105,5
3106,1
3106,2
3106,3
3106,4
3106,5
3107,1
3107,2
3107,3
3107,4
3107,5
3110,1
3110,2
3110,3
3110,4
3110,5
3112,1
3112,2
3112,3
3112,4
3112,5
3113,1
3113,2
3113,3
3113,4
3113,5
3114,1
3114,2
3114,3
3114,4
3114,5
3115,1
3115,2
3115,3
3115,4
3115,5
3117,1
3117,2
3117,3
3117,4
3117,5
3118,1
3118,2
3118,3
3118,4
3118,5
3122,1
3122,2
3122,3
3122,4
3122,5
3124,1
3124,2
3124,3
3124,4
3124,5
3126,1
3126,2
3126,3
3126,4
3126,5
3127,1
3127,2
3127,3
3127,4
3127,5
3128,1
3128,2
3128,3
3128,4
3128,5
3129,1
3129,2
3129,3
3129,4
3129,5
3130,1
3130,2
3130,3
3130,4
3130,5
3131,1
3131,2
3131,3
3131,4
3131,5
3132,1
3132,2
3132,3
3132,4
3132,5
3133,1
3133,2
3133,3
3133,4
3133,5
3134,1
3134,2
3134,3
3134,4
3134,5
3135,1
3135,2
3135,3
3135,4
3135,5
3136,1
3136,2
3136,3
3136,4
3136,5
3138,1
3138,2
3138,3
3138,4
3138,5
3139,1
3139,2
3139,3
3139,4
3139,5
3140,1
3140,2
3140,3
3140,4
3140,5
3142,1
3142,2
3142,3
3142,4
3142,5
3143,1
3143,2
3143,3
3143,4
3143,5
3144,1
3144,2
3144,3
3144,4
3144,5
3145,1
3145,2
3145,3
3145,4
3145,5
3146,1
3146,2
3146,3
3146,4
3146,5
3147,1
3147,2
3147,3
3147,4
3147,5
3148,1
3148,2
3148,3
3148,4
3148,5
3149,1
3149,2
3149,3
3149,4
3149,5
3150,1
3150,2
3150,3
3150,4
3150,5
3151,1
3151,2
3151,3
3151,4
3151,5
3154,1
3154,2
3154,3
3154,4
3154,5
3155,1
3155,2
3155,3
3155,4
3155,5
3157,1
3157,2
3157,3
3157,4
3157,5
3158,1
3158,2
3158,3
3158,4
3158,5
3159,1
3159,2
3159,3
3159,4
3159,5
3162,1
3162,2
3162,3
3162,4
3162,5
3163,1
3163,2
3163,3
3163,4
3163,5
3165,1
3165,2
3165,3
3165,4
3165,5
3166,1
3166,2
3166,3
3166,4
3166,5
3167,1
3167,2
3167,3
3167,4
3167,5
3168,1
3168,2
3168,3
3168,4
3168,5
3169,1
3169,2
3169,3
3169,4
3169,5
3170,1
3170,2
3170,3
3170,4
3170,5
3171,1
3171,2
3171,3
3171,4
3171,5
3172,1
3172,2
3172,3
3172,4
3172,5
3176,1
3176,2
3176,3
3176,4
3176,5
3177,1
3177,2
3177,3
3177,4
3177,5
3179,1
3179,2
3179,3
3179,4
3179,5
3180,1
3180,2
3180,3
3180,4
3180,5
3181,1
3181,2
3181,3
3181,4
3181,5
3183,1
3183,2
3183,3
3183,4
3183,5
3184,1
3184,2
3184,3
3184,4
3184,5
3185,1
3185,2
3185,3
3185,4
3185,5
3186,1
3186,2
3186,3
3186,4
3186,5
3187,1
3187,2
3187,3
3187,4
3187,5
3188,1
3188,2
3188,3
3188,4
3188,5
3189,1
3189,2
3189,3
3189,4
3189,5
3190,1
3190,2
3190,3
3190,4
3190,5
3193,1
3193,2
3193,3
3193,4
3193,5
3194,1
3194,2
3194,3
3194,4
3194,5
3195,1
3195,2
3195,3
3195,4
3195,5
3198,1
3198,2
3198,3
3198,4
3198,5
3199,1
3199,2
3199,3
3199,4
3199,5
3200,1
3200,2
3200,3
3200,4
3200,5
3201,1
3201,2
3201,3
3201,4
3201,5
3202,1
3202,2
3202,3
3202,4
3202,5
3203,1
3203,2
3203,3
3203,4
3203,5
3204,1
3204,2
3204,3
3204,4
3204,5
3205,1
3205,2
3205,3
3205,4
3205,5
3206,1
3206,2
3206,3
3206,4
3206,5
3207,1
3207,2
3207,3
3207,4
3207,5
3209,1
3209,2
3209,3
3209,4
3209,5
3210,1
3210,2
3210,3
3210,4
3210,5
3211,1
3211,2
3211,3
3211,4
3211,5
3212,1
3212,2
3212,3
3212,4
3212,5
3213,1
3213,2
3213,3
3213,4
3213,5
3214,1
3214,2
3214,3
3214,4
3214,5
3216,1
3216,2
3216,3
3216,4
3216,5
3217,1
3217,2
3217,3
3217,4
3217,5
3218,1
3218,2
3218,3
3218,4
3218,5
3219,1
3219,2
3219,3
3219,4
3219,5
3220,1
3220,2
3220,3
3220,4
3220,5
3222,1
3222,2
3222,3
3222,4
3222,5
3223,1
3223,2
3223,3
3223,4
3223,5
3226,1
3226,2
3226,3
3226,4
3226,5
3228,1
3228,2
3228,3
3228,4
3228,5
3229,1
3229,2
3229,3
3229,4
3229,5
3230,1
3230,2
3230,3
3230,4
3230,5
3231,1
3231,2
3231,3
3231,4
3231,5
3232,1
3232,2
3232,3
3232,4
3232,5
3234,1
3234,2
3234,3
3234,4
3234,5
3235,1
3235,2
3235,3
3235,4
3235,5
3237,1
3237,2
3237,3
3237,4
3237,5
3238,1
3238,2
3238,3
3238,4
3238,5
3239,1
3239,2
3239,3
3239,4
3239,5
3242,1
3242,2
3242,3
3242,4
3242,5
3243,1
3243,2
3243,3
3243,4
3243,5
3245,1
3245,2
3245,3
3245,4
3245,5
3246,1
3246,2
3246,3
3246,4
3246,5
3247,1
3247,2
3247,3
3247,4
3247,5
3248,1
3248,2
3248,3
3248,4
3248,5
3249,1
3249,2
3249,3
3249,4
3249,5
3251,1
3251,2
3251,3
3251,4
3251,5
3252,1
3252,2
3252,3
3252,4
3252,5
3256,1
3256,2
3256,3
3256,4
3256,5
3257,1
3257,2
3257,3
3257,4
3257,5
3265,1
3265,2
3265,3
3265,4
3265,5
3266,1
3266,2
3266,3
3266,4
3266,5
3267,1
3267,2
3267,3
3267,4
3267,5
3268,1
3268,2
3268,3
3268,4
3268,5
3269,1
3269,2
3269,3
3269,4
3269,5
3270,1
3270,2
3270,3
3270,4
3270,5
3271,1
3271,2
3271,3
3271,4
3271,5
3272,1
3272,2
3272,3
3272,4
3272,5
3273,1
3273,2
3273,3
3273,4
3273,5
3274,1
3274,2
3274,3
3274,4
3274,5
3275,1
3275,2
3275,3
3275,4
3275,5
3278,1
3278,2
3278,3
3278,4
3278,5
3279,1
3279,2
3279,3
3279,4
3279,5
3280,1
3280,2
3280,3
3280,4
3280,5
3281,1
3281,2
3281,3
3281,4
3281,5
3283,1
3283,2
3283,3
3283,4
3283,5
3285,1
3285,2
3285,3
3285,4
3285,5
3287,1
3287,2
3287,3
3287,4
3287,5
3288,1
3288,2
3288,3
3288,4
3288,5
3289,1
3289,2
3289,3
3289,4
3289,5
3290,1
3290,2
3290,3
3290,4
3290,5
3291,1
3291,2
3291,3
3291,4
3291,5
3292,1
3292,2
3292,3
3292,4
3292,5
3293,1
3293,2
3293,3
3293,4
3293,5
3297,1
3297,2
3297,3
3297,4
3297,5
3298,1
3298,2
3298,3
3298,4
3298,5
3301,1
3301,2
3301,3
3301,4
3301,5
3303,1
3303,2
3303,3
3303,4
3303,5
3305,1
3305,2
3305,3
3305,4
3305,5
3306,1
3306,2
3306,3
3306,4
3306,5
3308,1
3308,2
3308,3
3308,4
3308,5
3309,1
3309,2
3309,3
3309,4
3309,5
3310,1
3310,2
3310,3
3310,4
3310,5
3311,1
3311,2
3311,3
3311,4
3311,5
3313,1
3313,2
3313,3
3313,4
3313,5
3314,1
3314,2
3314,3
3314,4
3314,5
3315,1
3315,2
3315,3
3315,4
3315,5
3317,1
3317,2
3317,3
3317,4
3317,5
3320,1
3320,2
3320,3
3320,4
3320,5
3321,1
3321,2
3321,3
3321,4
3321,5
3322,1
3322,2
3322,3
3322,4
3322,5
3323,1
3323,2
3323,3
3323,4
3323,5
3324,1
3324,2
3324,3
3324,4
3324,5
3325,1
3325,2
3325,3
3325,4
3325,5
3326,1
3326,2
3326,3
3326,4
3326,5
3327,1
3327,2
3327,3
3327,4
3327,5
3328,1
3328,2
3328,3
3328,4
3328,5
3329,1
3329,2
3329,3
3329,4
3329,5
3330,1
3330,2
3330,3
3330,4
3330,5
3332,1
3332,2
3332,3
3332,4
3332,5
3335,1
3335,2
3335,3
3335,4
3335,5
3336,1
3336,2
3336,3
3336,4
3336,5
3337,1
3337,2
3337,3
3337,4
3337,5
3338,1
3338,2
3338,3
3338,4
3338,5
3339,1
3339,2
3339,3
3339,4
3339,5
3341,1
3341,2
3341,3
3341,4
3341,5
3342,1
3342,2
3342,3
3342,4
3342,5
3345,1
3345,2
3345,3
3345,4
3345,5
3346,1
3346,2
3346,3
3346,4
3346,5
3347,1
3347,2
3347,3
3347,4
3347,5
3348,1
3348,2
3348,3
3348,4
3348,5
3349,1
3349,2
3349,3
3349,4
3349,5
3350,1
3350,2
3350,3
3350,4
3350,5
3351,1
3351,2
3351,3
3351,4
3351,5
3352,1
3352,2
3352,3
3352,4
3352,5
3355,1
3355,2
3355,3
3355,4
3355,5
3361,1
3361,2
3361,3
3361,4
3361,5
3362,1
3362,2
3362,3
3362,4
3362,5
3364,1
3364,2
3364,3
3364,4
3364,5
3365,1
3365,2
3365,3
3365,4
3365,5
3366,1
3366,2
3366,3
3366,4
3366,5
3368,1
3368,2
3368,3
3368,4
3368,5
3369,1
3369,2
3369,3
3369,4
3369,5
3372,1
3372,2
3372,3
3372,4
3372,5
3375,1
3375,2
3375,3
3375,4
3375,5
3376,1
3376,2
3376,3
3376,4
3376,5
3378,1
3378,2
3378,3
3378,4
3378,5
3379,1
3379,2
3379,3
3379,4
3379,5
3381,1
3381,2
3381,3
3381,4
3381,5
3382,1
3382,2
3382,3
3382,4
3382,5
3385,1
3385,2
3385,3
3385,4
3385,5
3386,1
3386,2
3386,3
3386,4
3386,5
3388,1
3388,2
3388,3
3388,4
3388,5
3389,1
3389,2
3389,3
3389,4
3389,5
3391,1
3391,2
3391,3
3391,4
3391,5
3393,1
3393,2
3393,3
3393,4
3393,5
3394,1
3394,2
3394,3
3394,4
3394,5
3397,1
3397,2
3397,3
3397,4
3397,5
3398,1
3398,2
3398,3
3398,4
3398,5
3400,1
3400,2
3400,3
3400,4
3400,5
3405,1
3405,2
3405,3
3405,4
3405,5
3406,1
3406,2
3406,3
3406,4
3406,5
3407,1
3407,2
3407,3
3407,4
3407,5
3408,1
3408,2
3408,3
3408,4
3408,5
3411,1
3411,2
3411,3
3411,4
3411,5
3413,1
3413,2
3413,3
3413,4
3413,5
3417,1
3417,2
3417,3
3417,4
3417,5
3418,1
3418,2
3418,3
3418,4
3418,5
3420,1
3420,2
3420,3
3420,4
3420,5
3421,1
3421,2
3421,3
3421,4
3421,5
3422,1
3422,2
3422,3
3422,4
3422,5
3425,1
3425,2
3425,3
3425,4
3425,5
3429,1
3429,2
3429,3
3429,4
3429,5
3430,1
3430,2
3430,3
3430,4
3430,5
3434,1
3434,2
3434,3
3434,4
3434,5
3437,1
3437,2
3437,3
3437,4
3437,5
3438,1
3438,2
3438,3
3438,4
3438,5
3441,1
3441,2
3441,3
3441,4
3441,5
3444,1
3444,2
3444,3
3444,4
3444,5
3445,1
3445,2
3445,3
3445,4
3445,5
3446,1
3446,2
3446,3
3446,4
3446,5
3447,1
3447,2
3447,3
3447,4
3447,5
3448,1
3448,2
3448,3
3448,4
3448,5
3449,1
3449,2
3449,3
3449,4
3449,5
3452,1
3452,2
3452,3
3452,4
3452,5
3453,1
3453,2
3453,3
3453,4
3453,5
3454,1
3454,2
3454,3
3454,4
3454,5
3455,1
3455,2
3455,3
3455,4
3455,5
3457,1
3457,2
3457,3
3457,4
3457,5
3459,1
3459,2
3459,3
3459,4
3459,5
3460,1
3460,2
3460,3
3460,4
3460,5
3461,1
3461,2
3461,3
3461,4
3461,5
3462,1
3462,2
3462,3
3462,4
3462,5
3464,1
3464,2
3464,3
3464,4
3464,5
3466,1
3466,2
3466,3
3466,4
3466,5
3467,1
3467,2
3467,3
3467,4
3467,5
3468,1
3468,2
3468,3
3468,4
3468,5
3469,1
3469,2
3469,3
3469,4
3469,5
3470,1
3470,2
3470,3
3470,4
3470,5
3471,1
3471,2
3471,3
3471,4
3471,5
3472,1
3472,2
3472,3
3472,4
3472,5
3473,1
3473,2
3473,3
3473,4
3473,5
3475,1
3475,2
3475,3
3475,4
3475,5
3476,1
3476,2
3476,3
3476,4
3476,5
3477,1
3477,2
3477,3
3477,4
3477,5
3478,1
3478,2
3478,3
3478,4
3478,5
3479,1
3479,2
3479,3
3479,4
3479,5
3480,1
3480,2
3480,3
3480,4
3480,5
3481,1
3481,2
3481,3
3481,4
3481,5
3482,1
3482,2
3482,3
3482,4
3482,5
3483,1
3483,2
3483,3
3483,4
3483,5
3484,1
3484,2
3484,3
3484,4
3484,5
3487,1
3487,2
3487,3
3487,4
3487,5
3489,1
3489,2
3489,3
3489,4
3489,5
3490,1
3490,2
3490,3
3490,4
3490,5
3492,1
3492,2
3492,3
3492,4
3492,5
3493,1
3493,2
3493,3
3493,4
3493,5
3494,1
3494,2
3494,3
3494,4
3494,5
3496,1
3496,2
3496,3
3496,4
3496,5
3497,1
3497,2
3497,3
3497,4
3497,5
3498,1
3498,2
3498,3
3498,4
3498,5
3499,1
3499,2
3499,3
3499,4
3499,5
3501,1
3501,2
3501,3
3501,4
3501,5
3502,1
3502,2
3502,3
3502,4
3502,5
3504,1
3504,2
3504,3
3504,4
3504,5
3505,1
3505,2
3505,3
3505,4
3505,5
3506,1
3506,2
3506,3
3506,4
3506,5
3508,1
3508,2
3508,3
3508,4
3508,5
3509,1
3509,2
3509,3
3509,4
3509,5
3511,1
3511,2
3511,3
3511,4
3511,5
3512,1
3512,2
3512,3
3512,4
3512,5
3513,1
3513,2
3513,3
3513,4
3513,5
3514,1
3514,2
3514,3
3514,4
3514,5
3515,1
3515,2
3515,3
3515,4
3515,5
3516,1
3516,2
3516,3
3516,4
3516,5
3519,1
3519,2
3519,3
3519,4
3519,5
3520,1
3520,2
3520,3
3520,4
3520,5
3521,1
3521,2
3521,3
3521,4
3521,5
3523,1
3523,2
3523,3
3523,4
3523,5
3524,1
3524,2
3524,3
3524,4
3524,5
3525,1
3525,2
3525,3
3525,4
3525,5
3527,1
3527,2
3527,3
3527,4
3527,5
3528,1
3528,2
3528,3
3528,4
3528,5
3529,1
3529,2
3529,3
3529,4
3529,5
3530,1
3530,2
3530,3
3530,4
3530,5
3531,1
3531,2
3531,3
3531,4
3531,5
3534,1
3534,2
3534,3
3534,4
3534,5
3535,1
3535,2
3535,3
3535,4
3535,5
3536,1
3536,2
3536,3
3536,4
3536,5
3539,1
3539,2
3539,3
3539,4
3539,5
3541,1
3541,2
3541,3
3541,4
3541,5
3542,1
3542,2
3542,3
3542,4
3542,5
3543,1
3543,2
3543,3
3543,4
3543,5
3544,1
3544,2
3544,3
3544,4
3544,5
3545,1
3545,2
3545,3
3545,4
3545,5
3547,1
3547,2
3547,3
3547,4
3547,5
3549,1
3549,2
3549,3
3549,4
3549,5
3551,1
3551,2
3551,3
3551,4
3551,5
3552,1
3552,2
3552,3
3552,4
3552,5
3553,1
3553,2
3553,3
3553,4
3553,5
3554,1
3554,2
3554,3
3554,4
3554,5
3555,1
3555,2
3555,3
3555,4
3555,5
3556,1
3556,2
3556,3
3556,4
3556,5
3558,1
3558,2
3558,3
3558,4
3558,5
3559,1
3559,2
3559,3
3559,4
3559,5
3560,1
3560,2
3560,3
3560,4
3560,5
3561,1
3561,2
3561,3
3561,4
3561,5
3563,1
3563,2
3563,3
3563,4
3563,5
3564,1
3564,2
3564,3
3564,4
3564,5
3566,1
3566,2
3566,3
3566,4
3566,5
3567,1
3567,2
3567,3
3567,4
3567,5
3570,1
3570,2
3570,3
3570,4
3570,5
3572,1
3572,2
3572,3
3572,4
3572,5
3574,1
3574,2
3574,3
3574,4
3574,5
3575,1
3575,2
3575,3
3575,4
3575,5
3579,1
3579,2
3579,3
3579,4
3579,5
3581,1
3581,2
3581,3
3581,4
3581,5
3583,1
3583,2
3583,3
3583,4
3583,5
3584,1
3584,2
3584,3
3584,4
3584,5
3585,1
3585,2
3585,3
3585,4
3585,5
3586,1
3586,2
3586,3
3586,4
3586,5
3588,1
3588,2
3588,3
3588,4
3588,5
3589,1
3589,2
3589,3
3589,4
3589,5
3591,1
3591,2
3591,3
3591,4
3591,5
3592,1
3592,2
3592,3
3592,4
3592,5
3593,1
3593,2
3593,3
3593,4
3593,5
3595,1
3595,2
3595,3
3595,4
3595,5
3599,1
3599,2
3599,3
3599,4
3599,5
3600,1
3600,2
3600,3
3600,4
3600,5
3601,1
3601,2
3601,3
3601,4
3601,5
3602,1
3602,2
3602,3
3602,4
3602,5
3603,1
3603,2
3603,3
3603,4
3603,5
3604,1
3604,2
3604,3
3604,4
3604,5
3607,1
3607,2
3607,3
3607,4
3607,5
3608,1
3608,2
3608,3
3608,4
3608,5
3609,1
3609,2
3609,3
3609,4
3609,5
3610,1
3610,2
3610,3
3610,4
3610,5
3611,1
3611,2
3611,3
3611,4
3611,5
3612,1
3612,2
3612,3
3612,4
3612,5
3613,1
3613,2
3613,3
3613,4
3613,5
3614,1
3614,2
3614,3
3614,4
3614,5
3616,1
3616,2
3616,3
3616,4
3616,5
3617,1
3617,2
3617,3
3617,4
3617,5
3618,1
3618,2
3618,3
3618,4
3618,5
3624,1
3624,2
3624,3
3624,4
3624,5
3627,1
3627,2
3627,3
3627,4
3627,5
3628,1
3628,2
3628,3
3628,4
3628,5
3630,1
3630,2
3630,3
3630,4
3630,5
3631,1
3631,2
3631,3
3631,4
3631,5
3632,1
3632,2
3632,3
3632,4
3632,5
3633,1
3633,2
3633,3
3633,4
3633,5
3634,1
3634,2
3634,3
3634,4
3634,5
3637,1
3637,2
3637,3
3637,4
3637,5
3640,1
3640,2
3640,3
3640,4
3640,5
3642,1
3642,2
3642,3
3642,4
3642,5
3643,1
3643,2
3643,3
3643,4
3643,5
3646,1
3646,2
3646,3
3646,4
3646,5
3648,1
3648,2
3648,3
3648,4
3648,5
3651,1
3651,2
3651,3
3651,4
3651,5
3652,1
3652,2
3652,3
3652,4
3652,5
3653,1
3653,2
3653,3
3653,4
3653,5
3655,1
3655,2
3655,3
3655,4
3655,5
3657,1
3657,2
3657,3
3657,4
3657,5
3658,1
3658,2
3658,3
3658,4
3658,5
3659,1
3659,2
3659,3
3659,4
3659,5
3660,1
3660,2
3660,3
3660,4
3660,5
3661,1
3661,2
3661,3
3661,4
3661,5
3662,1
3662,2
3662,3
3662,4
3662,5
3663,1
3663,2
3663,3
3663,4
3663,5
3664,1
3664,2
3664,3
3664,4
3664,5
3668,1
3668,2
3668,3
3668,4
3668,5
3669,1
3669,2
3669,3
3669,4
3669,5
3670,1
3670,2
3670,3
3670,4
3670,5
3672,1
3672,2
3672,3
3672,4
3672,5
3673,1
3673,2
3673,3
3673,4
3673,5
3674,1
3674,2
3674,3
3674,4
3674,5
3675,1
3675,2
3675,3
3675,4
3675,5
3676,1
3676,2
3676,3
3676,4
3676,5
3677,1
3677,2
3677,3
3677,4
3677,5
3678,1
3678,2
3678,3
3678,4
3678,5
3679,1
3679,2
3679,3
3679,4
3679,5
3684,1
3684,2
3684,3
3684,4
3684,5
3687,1
3687,2
3687,3
3687,4
3687,5
3689,1
3689,2
3689,3
3689,4
3689,5
3690,1
3690,2
3690,3
3690,4
3690,5
3691,1
3691,2
3691,3
3691,4
3691,5
3692,1
3692,2
3692,3
3692,4
3692,5
3695,1
3695,2
3695,3
3695,4
3695,5
3696,1
3696,2
3696,3
3696,4
3696,5
3698,1
3698,2
3698,3
3698,4
3698,5
3699,1
3699,2
3699,3
3699,4
3699,5
3700,1
3700,2
3700,3
3700,4
3700,5
3701,1
3701,2
3701,3
3701,4
3701,5
3703,1
3703,2
3703,3
3703,4
3703,5
3708,1
3708,2
3708,3
3708,4
3708,5
3709,1
3709,2
3709,3
3709,4
3709,5
3710,1
3710,2
3710,3
3710,4
3710,5
3712,1
3712,2
3712,3
3712,4
3712,5
3714,1
3714,2
3714,3
3714,4
3714,5
3716,1
3716,2
3716,3
3716,4
3716,5
3718,1
3718,2
3718,3
3718,4
3718,5
3719,1
3719,2
3719,3
3719,4
3719,5
3720,1
3720,2
3720,3
3720,4
3720,5
3721,1
3721,2
3721,3
3721,4
3721,5
3722,1
3722,2
3722,3
3722,4
3722,5
3724,1
3724,2
3724,3
3724,4
3724,5
3726,1
3726,2
3726,3
3726,4
3726,5
3728,1
3728,2
3728,3
3728,4
3728,5
3729,1
3729,2
3729,3
3729,4
3729,5
3730,1
3730,2
3730,3
3730,4
3730,5
3731,1
3731,2
3731,3
3731,4
3731,5
3733,1
3733,2
3733,3
3733,4
3733,5
3734,1
3734,2
3734,3
3734,4
3734,5
3738,1
3738,2
3738,3
3738,4
3738,5
3739,1
3739,2
3739,3
3739,4
3739,5
3740,1
3740,2
3740,3
3740,4
3740,5
3742,1
3742,2
3742,3
3742,4
3742,5
3743,1
3743,2
3743,3
3743,4
3743,5
3744,1
3744,2
3744,3
3744,4
3744,5
3745,1
3745,2
3745,3
3745,4
3745,5
3747,1
3747,2
3747,3
3747,4
3747,5
3748,1
3748,2
3748,3
3748,4
3748,5
3752,1
3752,2
3752,3
3752,4
3752,5
3753,1
3753,2
3753,3
3753,4
3753,5
3754,1
3754,2
3754,3
3754,4
3754,5
3757,1
3757,2
3757,3
3757,4
3757,5
3758,1
3758,2
3758,3
3758,4
3758,5
3760,1
3760,2
3760,3
3760,4
3760,5
3761,1
3761,2
3761,3
3761,4
3761,5
3767,1
3767,2
3767,3
3767,4
3767,5
3769,1
3769,2
3769,3
3769,4
3769,5
3770,1
3770,2
3770,3
3770,4
3770,5
3773,1
3773,2
3773,3
3773,4
3773,5
3774,1
3774,2
3774,3
3774,4
3774,5
3775,1
3775,2
3775,3
3775,4
3775,5
3776,1
3776,2
3776,3
3776,4
3776,5
3777,1
3777,2
3777,3
3777,4
3777,5
3778,1
3778,2
3778,3
3778,4
3778,5
3779,1
3779,2
3779,3
3779,4
3779,5
3780,1
3780,2
3780,3
3780,4
3780,5
3783,1
3783,2
3783,3
3783,4
3783,5
3784,1
3784,2
3784,3
3784,4
3784,5
3785,1
3785,2
3785,3
3785,4
3785,5
3786,1
3786,2
3786,3
3786,4
3786,5
3788,1
3788,2
3788,3
3788,4
3788,5
3789,1
3789,2
3789,3
3789,4
3789,5
3790,1
3790,2
3790,3
3790,4
3790,5
3791,1
3791,2
3791,3
3791,4
3791,5
3792,1
3792,2
3792,3
3792,4
3792,5
3793,1
3793,2
3793,3
3793,4
3793,5
3794,1
3794,2
3794,3
3794,4
3794,5
3795,1
3795,2
3795,3
3795,4
3795,5
3797,1
3797,2
3797,3
3797,4
3797,5
3798,1
3798,2
3798,3
3798,4
3798,5
3799,1
3799,2
3799,3
3799,4
3799,5
3800,1
3800,2
3800,3
3800,4
3800,5
3804,1
3804,2
3804,3
3804,4
3804,5
3805,1
3805,2
3805,3
3805,4
3805,5
3808,1
3808,2
3808,3
3808,4
3808,5
3809,1
3809,2
3809,3
3809,4
3809,5
3811,1
3811,2
3811,3
3811,4
3811,5
3812,1
3812,2
3812,3
3812,4
3812,5
3813,1
3813,2
3813,3
3813,4
3813,5
3814,1
3814,2
3814,3
3814,4
3814,5
3816,1
3816,2
3816,3
3816,4
3816,5
3818,1
3818,2
3818,3
3818,4
3818,5
3819,1
3819,2
3819,3
3819,4
3819,5
3820,1
3820,2
3820,3
3820,4
3820,5
3821,1
3821,2
3821,3
3821,4
3821,5
3822,1
3822,2
3822,3
3822,4
3822,5
3823,1
3823,2
3823,3
3823,4
3823,5
3824,1
3824,2
3824,3
3824,4
3824,5
3825,1
3825,2
3825,3
3825,4
3825,5
3826,1
3826,2
3826,3
3826,4
3826,5
3828,1
3828,2
3828,3
3828,4
3828,5
3829,1
3829,2
3829,3
3829,4
3829,5
3831,1
3831,2
3831,3
3831,4
3831,5
3832,1
3832,2
3832,3
3832,4
3832,5
3833,1
3833,2
3833,3
3833,4
3833,5
3835,1
3835,2
3835,3
3835,4
3835,5
3836,1
3836,2
3836,3
3836,4
3836,5
3838,1
3838,2
3838,3
3838,4
3838,5
3840,1
3840,2
3840,3
3840,4
3840,5
3841,1
3841,2
3841,3
3841,4
3841,5
3843,1
3843,2
3843,3
3843,4
3843,5
3844,1
3844,2
3844,3
3844,4
3844,5
3845,1
3845,2
3845,3
3845,4
3845,5
3846,1
3846,2
3846,3
3846,4
3846,5
3849,1
3849,2
3849,3
3849,4
3849,5
3851,1
3851,2
3851,3
3851,4
3851,5
3852,1
3852,2
3852,3
3852,4
3852,5
3853,1
3853,2
3853,3
3853,4
3853,5
3854,1
3854,2
3854,3
3854,4
3854,5
3855,1
3855,2
3855,3
3855,4
3855,5
3856,1
3856,2
3856,3
3856,4
3856,5
3858,1
3858,2
3858,3
3858,4
3858,5
3859,1
3859,2
3859,3
3859,4
3859,5
3860,1
3860,2
3860,3
3860,4
3860,5
3863,1
3863,2
3863,3
3863,4
3863,5
3864,1
3864,2
3864,3
3864,4
3864,5
3865,1
3865,2
3865,3
3865,4
3865,5
3866,1
3866,2
3866,3
3866,4
3866,5
3867,1
3867,2
3867,3
3867,4
3867,5
3868,1
3868,2
3868,3
3868,4
3868,5
3869,1
3869,2
3869,3
3869,4
3869,5
3871,1
3871,2
3871,3
3871,4
3871,5
3872,1
3872,2
3872,3
3872,4
3872,5
3873,1
3873,2
3873,3
3873,4
3873,5
3874,1
3874,2
3874,3
3874,4
3874,5
3876,1
3876,2
3876,3
3876,4
3876,5
3877,1
3877,2
3877,3
3877,4
3877,5
3880,1
3880,2
3880,3
3880,4
3880,5
3881,1
3881,2
3881,3
3881,4
3881,5
3882,1
3882,2
3882,3
3882,4
3882,5
3883,1
3883,2
3883,3
3883,4
3883,5
3885,1
3885,2
3885,3
3885,4
3885,5
3886,1
3886,2
3886,3
3886,4
3886,5
3887,1
3887,2
3887,3
3887,4
3887,5
3889,1
3889,2
3889,3
3889,4
3889,5
3890,1
3890,2
3890,3
3890,4
3890,5
3891,1
3891,2
3891,3
3891,4
3891,5
3893,1
3893,2
3893,3
3893,4
3893,5
3894,1
3894,2
3894,3
3894,4
3894,5
3895,1
3895,2
3895,3
3895,4
3895,5
3898,1
3898,2
3898,3
3898,4
3898,5
3899,1
3899,2
3899,3
3899,4
3899,5
3902,1
3902,2
3902,3
3902,4
3902,5
3903,1
3903,2
3903,3
3903,4
3903,5
3905,1
3905,2
3905,3
3905,4
3905,5
3906,1
3906,2
3906,3
3906,4
3906,5
3907,1
3907,2
3907,3
3907,4
3907,5
3909,1
3909,2
3909,3
3909,4
3909,5
3910,1
3910,2
3910,3
3910,4
3910,5
3912,1
3912,2
3912,3
3912,4
3912,5
3913,1
3913,2
3913,3
3913,4
3913,5
3914,1
3914,2
3914,3
3914,4
3914,5
3915,1
3915,2
3915,3
3915,4
3915,5
3916,1
3916,2
3916,3
3916,4
3916,5
3918,1
3918,2
3918,3
3918,4
3918,5
3919,1
3919,2
3919,3
3919,4
3919,5
3922,1
3922,2
3922,3
3922,4
3922,5
3923,1
3923,2
3923,3
3923,4
3923,5
3924,1
3924,2
3924,3
3924,4
3924,5
3927,1
3927,2
3927,3
3927,4
3927,5
3928,1
3928,2
3928,3
3928,4
3928,5
3930,1
3930,2
3930,3
3930,4
3930,5
3931,1
3931,2
3931,3
3931,4
3931,5
3932,1
3932,2
3932,3
3932,4
3932,5
3933,1
3933,2
3933,3
3933,4
3933,5
3934,1
3934,2
3934,3
3934,4
3934,5
3935,1
3935,2
3935,3
3935,4
3935,5
3937,1
3937,2
3937,3
3937,4
3937,5
3938,1
3938,2
3938,3
3938,4
3938,5
3939,1
3939,2
3939,3
3939,4
3939,5
3940,1
3940,2
3940,3
3940,4
3940,5
3941,1
3941,2
3941,3
3941,4
3941,5
3942,1
3942,2
3942,3
3942,4
3942,5
3943,1
3943,2
3943,3
3943,4
3943,5
3945,1
3945,2
3945,3
3945,4
3945,5
3946,1
3946,2
3946,3
3946,4
3946,5
3947,1
3947,2
3947,3
3947,4
3947,5
3948,1
3948,2
3948,3
3948,4
3948,5
3952,1
3952,2
3952,3
3952,4
3952,5
3953,1
3953,2
3953,3
3953,4
3953,5
3954,1
3954,2
3954,3
3954,4
3954,5
3955,1
3955,2
3955,3
3955,4
3955,5
3958,1
3958,2
3958,3
3958,4
3958,5
3959,1
3959,2
3959,3
3959,4
3959,5
3962,1
3962,2
3962,3
3962,4
3962,5
3963,1
3963,2
3963,3
3963,4
3963,5
3967,1
3967,2
3967,3
3967,4
3967,5
3968,1
3968,2
3968,3
3968,4
3968,5
3971,1
3971,2
3971,3
3971,4
3971,5
3972,1
3972,2
3972,3
3972,4
3972,5
3973,1
3973,2
3973,3
3973,4
3973,5
3974,1
3974,2
3974,3
3974,4
3974,5
3975,1
3975,2
3975,3
3975,4
3975,5
3976,1
3976,2
3976,3
3976,4
3976,5
3977,1
3977,2
3977,3
3977,4
3977,5
3979,1
3979,2
3979,3
3979,4
3979,5
3980,1
3980,2
3980,3
3980,4
3980,5
3981,1
3981,2
3981,3
3981,4
3981,5
3982,1
3982,2
3982,3
3982,4
3982,5
3983,1
3983,2
3983,3
3983,4
3983,5
3986,1
3986,2
3986,3
3986,4
3986,5
3987,1
3987,2
3987,3
3987,4
3987,5
3988,1
3988,2
3988,3
3988,4
3988,5
3989,1
3989,2
3989,3
3989,4
3989,5
3990,1
3990,2
3990,3
3990,4
3990,5
3991,1
3991,2
3991,3
3991,4
3991,5
3993,1
3993,2
3993,3
3993,4
3993,5
3994,1
3994,2
3994,3
3994,4
3994,5
3995,1
3995,2
3995,3
3995,4
3995,5
3998,1
3998,2
3998,3
3998,4
3998,5
3999,1
3999,2
3999,3
3999,4
3999,5
4001,1
4001,2
4001,3
4001,4
4001,5
4002,1
4002,2
4002,3
4002,4
4002,5
4003,1
4003,2
4003,3
4003,4
4003,5
4004,1
4004,2
4004,3
4004,4
4004,5
4005,1
4005,2
4005,3
4005,4
4005,5
4006,1
4006,2
4006,3
4006,4
4006,5
4007,1
4007,2
4007,3
4007,4
4007,5
4009,1
4009,2
4009,3
4009,4
4009,5
4011,1
4011,2
4011,3
4011,4
4011,5
4013,1
4013,2
4013,3
4013,4
4013,5
4014,1
4014,2
4014,3
4014,4
4014,5
4015,1
4015,2
4015,3
4015,4
4015,5
4018,1
4018,2
4018,3
4018,4
4018,5
4019,1
4019,2
4019,3
4019,4
4019,5
4020,1
4020,2
4020,3
4020,4
4020,5
4021,1
4021,2
4021,3
4021,4
4021,5
4022,1
4022,2
4022,3
4022,4
4022,5
4024,1
4024,2
4024,3
4024,4
4024,5
4026,1
4026,2
4026,3
4026,4
4026,5
4027,1
4027,2
4027,3
4027,4
4027,5
4028,1
4028,2
4028,3
4028,4
4028,5
4031,1
4031,2
4031,3
4031,4
4031,5
4032,1
4032,2
4032,3
4032,4
4032,5
4037,1
4037,2
4037,3
4037,4
4037,5
4041,1
4041,2
4041,3
4041,4
4041,5
4042,1
4042,2
4042,3
4042,4
4042,5
4043,1
4043,2
4043,3
4043,4
4043,5
4044,1
4044,2
4044,3
4044,4
4044,5
4045,1
4045,2
4045,3
4045,4
4045,5
4046,1
4046,2
4046,3
4046,4
4046,5
4047,1
4047,2
4047,3
4047,4
4047,5
4048,1
4048,2
4048,3
4048,4
4048,5
4050,1
4050,2
4050,3
4050,4
4050,5
4051,1
4051,2
4051,3
4051,4
4051,5
4054,1
4054,2
4054,3
4054,4
4054,5
4057,1
4057,2
4057,3
4057,4
4057,5
4058,1
4058,2
4058,3
4058,4
4058,5
4059,1
4059,2
4059,3
4059,4
4059,5
4060,1
4060,2
4060,3
4060,4
4060,5
4061,1
4061,2
4061,3
4061,4
4061,5
4063,1
4063,2
4063,3
4063,4
4063,5
4064,1
4064,2
4064,3
4064,4
4064,5
4067,1
4067,2
4067,3
4067,4
4067,5
4068,1
4068,2
4068,3
4068,4
4068,5
4069,1
4069,2
4069,3
4069,4
4069,5
4071,1
4071,2
4071,3
4071,4
4071,5
4072,1
4072,2
4072,3
4072,4
4072,5
4073,1
4073,2
4073,3
4073,4
4073,5
4074,1
4074,2
4074,3
4074,4
4074,5
4075,1
4075,2
4075,3
4075,4
4075,5
4077,1
4077,2
4077,3
4077,4
4077,5
4078,1
4078,2
4078,3
4078,4
4078,5
4084,1
4084,2
4084,3
4084,4
4084,5
4085,1
4085,2
4085,3
4085,4
4085,5
4086,1
4086,2
4086,3
4086,4
4086,5
4087,1
4087,2
4087,3
4087,4
4087,5
4088,1
4088,2
4088,3
4088,4
4088,5
4090,1
4090,2
4090,3
4090,4
4090,5
4092,1
4092,2
4092,3
4092,4
4092,5
4093,1
4093,2
4093,3
4093,4
4093,5
4096,1
4096,2
4096,3
4096,4
4096,5
4097,1
4097,2
4097,3
4097,4
4097,5
4099,1
4099,2
4099,3
4099,4
4099,5
4100,1
4100,2
4100,3
4100,4
4100,5
4101,1
4101,2
4101,3
4101,4
4101,5
4102,1
4102,2
4102,3
4102,4
4102,5
4103,1
4103,2
4103,3
4103,4
4103,5
4104,1
4104,2
4104,3
4104,4
4104,5
4105,1
4105,2
4105,3
4105,4
4105,5
4106,1
4106,2
4106,3
4106,4
4106,5
4107,1
4107,2
4107,3
4107,4
4107,5
4108,1
4108,2
4108,3
4108,4
4108,5
4109,1
4109,2
4109,3
4109,4
4109,5
4111,1
4111,2
4111,3
4111,4
4111,5
4112,1
4112,2
4112,3
4112,4
4112,5
4113,1
4113,2
4113,3
4113,4
4113,5
4114,1
4114,2
4114,3
4114,4
4114,5
4115,1
4115,2
4115,3
4115,4
4115,5
4116,1
4116,2
4116,3
4116,4
4116,5
4119,1
4119,2
4119,3
4119,4
4119,5
4120,1
4120,2
4120,3
4120,4
4120,5
4121,1
4121,2
4121,3
4121,4
4121,5
4122,1
4122,2
4122,3
4122,4
4122,5
4124,1
4124,2
4124,3
4124,4
4124,5
4126,1
4126,2
4126,3
4126,4
4126,5
4127,1
4127,2
4127,3
4127,4
4127,5
4129,1
4129,2
4129,3
4129,4
4129,5
4130,1
4130,2
4130,3
4130,4
4130,5
4131,1
4131,2
4131,3
4131,4
4131,5
4136,1
4136,2
4136,3
4136,4
4136,5
4137,1
4137,2
4137,3
4137,4
4137,5
4140,1
4140,2
4140,3
4140,4
4140,5
4141,1
4141,2
4141,3
4141,4
4141,5
4142,1
4142,2
4142,3
4142,4
4142,5
4143,1
4143,2
4143,3
4143,4
4143,5
4144,1
4144,2
4144,3
4144,4
4144,5
4148,1
4148,2
4148,3
4148,4
4148,5
4149,1
4149,2
4149,3
4149,4
4149,5
4150,1
4150,2
4150,3
4150,4
4150,5
4151,1
4151,2
4151,3
4151,4
4151,5
4152,1
4152,2
4152,3
4152,4
4152,5
4153,1
4153,2
4153,3
4153,4
4153,5
4157,1
4157,2
4157,3
4157,4
4157,5
4160,1
4160,2
4160,3
4160,4
4160,5
4163,1
4163,2
4163,3
4163,4
4163,5
4164,1
4164,2
4164,3
4164,4
4164,5
4165,1
4165,2
4165,3
4165,4
4165,5
4166,1
4166,2
4166,3
4166,4
4166,5
4167,1
4167,2
4167,3
4167,4
4167,5
4168,1
4168,2
4168,3
4168,4
4168,5
4169,1
4169,2
4169,3
4169,4
4169,5
4170,1
4170,2
4170,3
4170,4
4170,5
4171,1
4171,2
4171,3
4171,4
4171,5
4172,1
4172,2
4172,3
4172,4
4172,5
4173,1
4173,2
4173,3
4173,4
4173,5
4176,1
4176,2
4176,3
4176,4
4176,5
4177,1
4177,2
4177,3
4177,4
4177,5
4178,1
4178,2
4178,3
4178,4
4178,5
4181,1
4181,2
4181,3
4181,4
4181,5
4182,1
4182,2
4182,3
4182,4
4182,5
4183,1
4183,2
4183,3
4183,4
4183,5
4184,1
4184,2
4184,3
4184,4
4184,5
4186,1
4186,2
4186,3
4186,4
4186,5
4187,1
4187,2
4187,3
4187,4
4187,5
4191,1
4191,2
4191,3
4191,4
4191,5
4192,1
4192,2
4192,3
4192,4
4192,5
4194,1
4194,2
4194,3
4194,4
4194,5
4195,1
4195,2
4195,3
4195,4
4195,5
4196,1
4196,2
4196,3
4196,4
4196,5
4197,1
4197,2
4197,3
4197,4
4197,5
4198,1
4198,2
4198,3
4198,4
4198,5
4199,1
4199,2
4199,3
4199,4
4199,5
4200,1
4200,2
4200,3
4200,4
4200,5
4202,1
4202,2
4202,3
4202,4
4202,5
4203,1
4203,2
4203,3
4203,4
4203,5
4204,1
4204,2
4204,3
4204,4
4204,5
4206,1
4206,2
4206,3
4206,4
4206,5
4207,1
4207,2
4207,3
4207,4
4207,5
4209,1
4209,2
4209,3
4209,4
4209,5
4210,1
4210,2
4210,3
4210,4
4210,5
4211,1
4211,2
4211,3
4211,4
4211,5
4212,1
4212,2
4212,3
4212,4
4212,5
4213,1
4213,2
4213,3
4213,4
4213,5
4214,1
4214,2
4214,3
4214,4
4214,5
4215,1
4215,2
4215,3
4215,4
4215,5
4216,1
4216,2
4216,3
4216,4
4216,5
4217,1
4217,2
4217,3
4217,4
4217,5
4219,1
4219,2
4219,3
4219,4
4219,5
4220,1
4220,2
4220,3
4220,4
4220,5
4221,1
4221,2
4221,3
4221,4
4221,5
4222,1
4222,2
4222,3
4222,4
4222,5
4223,1
4223,2
4223,3
4223,4
4223,5
4224,1
4224,2
4224,3
4224,4
4224,5
4226,1
4226,2
4226,3
4226,4
4226,5
4227,1
4227,2
4227,3
4227,4
4227,5
4228,1
4228,2
4228,3
4228,4
4228,5
4229,1
4229,2
4229,3
4229,4
4229,5
4230,1
4230,2
4230,3
4230,4
4230,5
4232,1
4232,2
4232,3
4232,4
4232,5
4233,1
4233,2
4233,3
4233,4
4233,5
4234,1
4234,2
4234,3
4234,4
4234,5
4236,1
4236,2
4236,3
4236,4
4236,5
4237,1
4237,2
4237,3
4237,4
4237,5
4238,1
4238,2
4238,3
4238,4
4238,5
4240,1
4240,2
4240,3
4240,4
4240,5
4244,1
4244,2
4244,3
4244,4
4244,5
4245,1
4245,2
4245,3
4245,4
4245,5
4246,1
4246,2
4246,3
4246,4
4246,5
4247,1
4247,2
4247,3
4247,4
4247,5
4249,1
4249,2
4249,3
4249,4
4249,5
4250,1
4250,2
4250,3
4250,4
4250,5
4252,1
4252,2
4252,3
4252,4
4252,5
4253,1
4253,2
4253,3
4253,4
4253,5
4255,1
4255,2
4255,3
4255,4
4255,5
4257,1
4257,2
4257,3
4257,4
4257,5
4258,1
4258,2
4258,3
4258,4
4258,5
4259,1
4259,2
4259,3
4259,4
4259,5
4260,1
4260,2
4260,3
4260,4
4260,5
4263,1
4263,2
4263,3
4263,4
4263,5
4264,1
4264,2
4264,3
4264,4
4264,5
4265,1
4265,2
4265,3
4265,4
4265,5
4266,1
4266,2
4266,3
4266,4
4266,5
4267,1
4267,2
4267,3
4267,4
4267,5
4272,1
4272,2
4272,3
4272,4
4272,5
4276,1
4276,2
4276,3
4276,4
4276,5
4278,1
4278,2
4278,3
4278,4
4278,5
4279,1
4279,2
4279,3
4279,4
4279,5
4282,1
4282,2
4282,3
4282,4
4282,5
4283,1
4283,2
4283,3
4283,4
4283,5
4285,1
4285,2
4285,3
4285,4
4285,5
4286,1
4286,2
4286,3
4286,4
4286,5
4287,1
4287,2
4287,3
4287,4
4287,5
4288,1
4288,2
4288,3
4288,4
4288,5
4289,1
4289,2
4289,3
4289,4
4289,5
4290,1
4290,2
4290,3
4290,4
4290,5
4291,1
4291,2
4291,3
4291,4
4291,5
4292,1
4292,2
4292,3
4292,4
4292,5
4293,1
4293,2
4293,3
4293,4
4293,5
4294,1
4294,2
4294,3
4294,4
4294,5
4295,1
4295,2
4295,3
4295,4
4295,5
4296,1
4296,2
4296,3
4296,4
4296,5
4299,1
4299,2
4299,3
4299,4
4299,5
4301,1
4301,2
4301,3
4301,4
4301,5
4302,1
4302,2
4302,3
4302,4
4302,5
4303,1
4303,2
4303,3
4303,4
4303,5
4304,1
4304,2
4304,3
4304,4
4304,5
4305,1
4305,2
4305,3
4305,4
4305,5
4306,1
4306,2
4306,3
4306,4
4306,5
4307,1
4307,2
4307,3
4307,4
4307,5
4308,1
4308,2
4308,3
4308,4
4308,5
4310,1
4310,2
4310,3
4310,4
4310,5
4311,1
4311,2
4311,3
4311,4
4311,5
4312,1
4312,2
4312,3
4312,4
4312,5
4314,1
4314,2
4314,3
4314,4
4314,5
4315,1
4315,2
4315,3
4315,4
4315,5
4318,1
4318,2
4318,3
4318,4
4318,5
4319,1
4319,2
4319,3
4319,4
4319,5
4320,1
4320,2
4320,3
4320,4
4320,5
4321,1
4321,2
4321,3
4321,4
4321,5
4323,1
4323,2
4323,3
4323,4
4323,5
4324,1
4324,2
4324,3
4324,4
4324,5
4325,1
4325,2
4325,3
4325,4
4325,5
4326,1
4326,2
4326,3
4326,4
4326,5
4327,1
4327,2
4327,3
4327,4
4327,5
4328,1
4328,2
4328,3
4328,4
4328,5
4329,1
4329,2
4329,3
4329,4
4329,5
4331,1
4331,2
4331,3
4331,4
4331,5
4333,1
4333,2
4333,3
4333,4
4333,5
4334,1
4334,2
4334,3
4334,4
4334,5
4336,1
4336,2
4336,3
4336,4
4336,5
4338,1
4338,2
4338,3
4338,4
4338,5
4339,1
4339,2
4339,3
4339,4
4339,5
4340,1
4340,2
4340,3
4340,4
4340,5
4341,1
4341,2
4341,3
4341,4
4341,5
4342,1
4342,2
4342,3
4342,4
4342,5
4343,1
4343,2
4343,3
4343,4
4343,5
4346,1
4346,2
4346,3
4346,4
4346,5
4347,1
4347,2
4347,3
4347,4
4347,5
4348,1
4348,2
4348,3
4348,4
4348,5
4351,1
4351,2
4351,3
4351,4
4351,5
4352,1
4352,2
4352,3
4352,4
4352,5
4354,1
4354,2
4354,3
4354,4
4354,5
4355,1
4355,2
4355,3
4355,4
4355,5
4356,1
4356,2
4356,3
4356,4
4356,5
4357,1
4357,2
4357,3
4357,4
4357,5
4358,1
4358,2
4358,3
4358,4
4358,5
4360,1
4360,2
4360,3
4360,4
4360,5
4361,1
4361,2
4361,3
4361,4
4361,5
4362,1
4362,2
4362,3
4362,4
4362,5
4363,1
4363,2
4363,3
4363,4
4363,5
4364,1
4364,2
4364,3
4364,4
4364,5
4366,1
4366,2
4366,3
4366,4
4366,5
4368,1
4368,2
4368,3
4368,4
4368,5
4369,1
4369,2
4369,3
4369,4
4369,5
4370,1
4370,2
4370,3
4370,4
4370,5
4372,1
4372,2
4372,3
4372,4
4372,5
4374,1
4374,2
4374,3
4374,4
4374,5
4375,1
4375,2
4375,3
4375,4
4375,5
4376,1
4376,2
4376,3
4376,4
4376,5
4377,1
4377,2
4377,3
4377,4
4377,5
4378,1
4378,2
4378,3
4378,4
4378,5
4381,1
4381,2
4381,3
4381,4
4381,5
4382,1
4382,2
4382,3
4382,4
4382,5
4383,1
4383,2
4383,3
4383,4
4383,5
4385,1
4385,2
4385,3
4385,4
4385,5
4386,1
4386,2
4386,3
4386,4
4386,5
4387,1
4387,2
4387,3
4387,4
4387,5
4388,1
4388,2
4388,3
4388,4
4388,5
4389,1
4389,2
4389,3
4389,4
4389,5
4391,1
4391,2
4391,3
4391,4
4391,5
4392,1
4392,2
4392,3
4392,4
4392,5
4393,1
4393,2
4393,3
4393,4
4393,5
4394,1
4394,2
4394,3
4394,4
4394,5
4397,1
4397,2
4397,3
4397,4
4397,5
4400,1
4400,2
4400,3
4400,4
4400,5
4402,1
4402,2
4402,3
4402,4
4402,5
4404,1
4404,2
4404,3
4404,4
4404,5
4406,1
4406,2
4406,3
4406,4
4406,5
4409,1
4409,2
4409,3
4409,4
4409,5
4410,1
4410,2
4410,3
4410,4
4410,5
4412,1
4412,2
4412,3
4412,4
4412,5
4413,1
4413,2
4413,3
4413,4
4413,5
4415,1
4415,2
4415,3
4415,4
4415,5
4418,1
4418,2
4418,3
4418,4
4418,5
4420,1
4420,2
4420,3
4420,4
4420,5
4421,1
4421,2
4421,3
4421,4
4421,5
4423,1
4423,2
4423,3
4423,4
4423,5
4425,1
4425,2
4425,3
4425,4
4425,5
4426,1
4426,2
4426,3
4426,4
4426,5
4427,1
4427,2
4427,3
4427,4
4427,5
4429,1
4429,2
4429,3
4429,4
4429,5
4432,1
4432,2
4432,3
4432,4
4432,5
4434,1
4434,2
4434,3
4434,4
4434,5
4437,1
4437,2
4437,3
4437,4
4437,5
4438,1
4438,2
4438,3
4438,4
4438,5
4439,1
4439,2
4439,3
4439,4
4439,5
4443,1
4443,2
4443,3
4443,4
4443,5
4444,1
4444,2
4444,3
4444,4
4444,5
4445,1
4445,2
4445,3
4445,4
4445,5
4447,1
4447,2
4447,3
4447,4
4447,5
4448,1
4448,2
4448,3
4448,4
4448,5
4450,1
4450,2
4450,3
4450,4
4450,5
4453,1
4453,2
4453,3
4453,4
4453,5
4455,1
4455,2
4455,3
4455,4
4455,5
4456,1
4456,2
4456,3
4456,4
4456,5
4458,1
4458,2
4458,3
4458,4
4458,5
4461,1
4461,2
4461,3
4461,4
4461,5
4463,1
4463,2
4463,3
4463,4
4463,5
4464,1
4464,2
4464,3
4464,4
4464,5
4465,1
4465,2
4465,3
4465,4
4465,5
4467,1
4467,2
4467,3
4467,4
4467,5
4468,1
4468,2
4468,3
4468,4
4468,5
4469,1
4469,2
4469,3
4469,4
4469,5
4472,1
4472,2
4472,3
4472,4
4472,5
4475,1
4475,2
4475,3
4475,4
4475,5
